h3,chlor_a_mean,chlor_a_min,chlor_a_max,chlor_a_std,n,centroid_lat,centroid_lon,data,date_created,lat_range,lon_range
851592b3fffffff,16.930069,16.930069,16.930069,0.0,2,47.912922800529735,117.69694383111563,2024-11-17,2025-01-29T23:54:15.000Z,"(-89.97917175292969, 89.97916412353516)","(-179.9791717529297, 179.9791717529297)"
8516ca4ffffffff,0.1755862,0.16119811,0.19930692,0.011412765,10,46.271276187420355,172.76357761541152,2024-11-17,2025-01-29T23:54:15.000Z,"(-89.97917175292969, 89.97916412353516)","(-179.9791717529297, 179.9791717529297)"
8516ca63fffffff,0.22343649,0.22086908,0.2260039,0.0036308668,2,46.24547053061287,173.2395977462886,2024-11-17,2025-01-29T23:54:15.000Z,"(-89.97917175292969, 89.97916412353516)","(-179.9791717529297, 179.9791717529297)"
8516ca6bfffffff,0.21423544,0.20593777,0.22234358,0.00813051,6,46.11229508826143,173.10622990256476,2024-11-17,2025-01-29T23:54:15.000Z,"(-89.97917175292969, 89.97916412353516)","(-179.9791717529297, 179.9791717529297)"
8516ca7bfffffff,0.21023603,0.1916035,0.22600389,0.0108483415,16,46.25861885027468,173.00167039723436,2024-11-17,2025-01-29T23:54:15.000Z,"(-89.97917175292969, 89.97916412353516)","(-179.9791717529297, 179.9791717529297)"
8516d803fffffff,0.23370507,0.21120723,0.2589563,0.012910338,19,45.80162672735954,170.577547354556,2024-11-17,2025-01-29T23:54:15.000Z,"(-89.97917175292969, 89.97916412353516)","(-179.9791717529297, 179.9791717529297)"
8516d807fffffff,0.2079804,0.19416498,0.23769213,0.01210717,14,45.793507938675205,170.81481721971244,2024-11-17,2025-01-29T23:54:15.000Z,"(-89.97917175292969, 89.97916412353516)","(-179.9791717529297, 179.9791717529297)"
8516d80bfffffff,0.20866759,0.18815532,0.22285251,0.009708641,10,45.66481618757193,170.4499443998502,2024-11-17,2025-01-29T23:54:15.000Z,"(-89.97917175292969, 89.97916412353516)","(-179.9791717529297, 179.9791717529297)"
8516d80ffffffff,0.21061589,0.20021829,0.21777275,0.005069026,18,45.65696206349987,170.68677392361317,2024-11-17,2025-01-29T23:54:15.000Z,"(-89.97917175292969, 89.97916412353516)","(-179.9791717529297, 179.9791717529297)"
8516d813fffffff,0.21881254,0.19966424,0.23848519,0.012838821,19,45.94605158001676,170.46785528217939,2024-11-17,2025-01-29T23:54:15.000Z,"(-89.97917175292969, 89.97916412353516)","(-179.9791717529297, 179.9791717529297)"
8516d817fffffff,0.23807386,0.19872074,0.25849754,0.017486628,17,45.938158752952695,170.70565042062532,2024-11-17,2025-01-29T23:54:15.000Z,"(-89.97917175292969, 89.97916412353516)","(-179.9791717529297, 179.9791717529297)"
8516d81bfffffff,0.20785762,0.19075954,0.22125302,0.012139291,11,45.80925471603826,170.34019653494536,2024-11-17,2025-01-29T23:54:15.000Z,"(-89.97917175292969, 89.97916412353516)","(-179.9791717529297, 179.9791717529297)"
8516d82bfffffff,0.20164582,0.18531872,0.21690845,0.008879911,14,45.50349584866628,171.03175828256948,2024-11-17,2025-01-29T23:54:15.000Z,"(-89.97917175292969, 89.97916412353516)","(-179.9791717529297, 179.9791717529297)"
8516d833fffffff,0.19645901,0.189125,0.20012604,0.006351451,3,45.78489886642827,171.05199803836308,2024-11-17,2025-01-29T23:54:15.000Z,"(-89.97917175292969, 89.97916412353516)","(-179.9791717529297, 179.9791717529297)"
8516d83bfffffff,0.2024587,0.19276655,0.2147821,0.007835101,13,45.64861932079871,170.92351911169777,2024-11-17,2025-01-29T23:54:15.000Z,"(-89.97917175292969, 89.97916412353516)","(-179.9791717529297, 179.9791717529297)"
8516d863fffffff,0.21157661,0.19960473,0.2258016,0.0122211585,4,45.37522547670332,170.66805056726355,2024-11-17,2025-01-29T23:54:15.000Z,"(-89.97917175292969, 89.97916412353516)","(-179.9791717529297, 179.9791717529297)"
8516d867fffffff,0.21463792,0.19778132,0.22396651,0.005596103,17,45.36692509378453,170.9038392190017,2024-11-17,2025-01-29T23:54:15.000Z,"(-89.97917175292969, 89.97916412353516)","(-179.9791717529297, 179.9791717529297)"
8516d873fffffff,0.1915541,0.18815532,0.19285794,0.0022735219,4,45.520138790380535,170.55922836228208,2024-11-17,2025-01-29T23:54:15.000Z,"(-89.97917175292969, 89.97916412353516)","(-179.9791717529297, 179.9791717529297)"
8516d877fffffff,0.20628819,0.19150645,0.22937869,0.011793084,20,45.51206053342366,170.7955371574084,2024-11-17,2025-01-29T23:54:15.000Z,"(-89.97917175292969, 89.97916412353516)","(-179.9791717529297, 179.9791717529297)"
8516d883fffffff,0.19879684,0.19023262,0.20432445,0.005379619,5,46.22673523206775,170.48591333113833,2024-11-17,2025-01-29T23:54:15.000Z,"(-89.97917175292969, 89.97916412353516)","(-179.9791717529297, 179.9791717529297)"
8516d887fffffff,0.18708354,0.17633638,0.19876611,0.00832781,16,46.218803497518955,170.7246819407014,2024-11-17,2025-01-29T23:54:15.000Z,"(-89.97917175292969, 89.97916412353516)","(-179.9791717529297, 179.9791717529297)"
8516d88bfffffff,0.18530902,0.16940273,0.20262434,0.010303079,13,46.090233688341684,170.35769553355652,2024-11-17,2025-01-29T23:54:15.000Z,"(-89.97917175292969, 89.97916412353516)","(-179.9791717529297, 179.9791717529297)"
8516d88ffffffff,0.21737999,0.19835784,0.24344371,0.014651838,15,46.08256882599679,170.59601652321194,2024-11-17,2025-01-29T23:54:15.000Z,"(-89.97917175292969, 89.97916412353516)","(-179.9791717529297, 179.9791717529297)"
8516d897fffffff,0.19390073,0.18422483,0.1991393,0.0052698175,13,46.36295311553633,170.61463771865021,2024-11-17,2025-01-29T23:54:15.000Z,"(-89.97917175292969, 89.97916412353516)","(-179.9791717529297, 179.9791717529297)"
8516d8a7fffffff,0.13322906,0.13322906,0.13322906,0.0,2,46.05660841229449,171.3104532040736,2024-11-17,2025-01-29T23:54:15.000Z,"(-89.97917175292969, 89.97916412353516)","(-179.9791717529297, 179.9791717529297)"
8516d8abfffffff,0.18630767,0.16862331,0.21160902,0.010901091,12,45.929773448745294,170.94335988335905,2024-11-17,2025-01-29T23:54:15.000Z,"(-89.97917175292969, 89.97916412353516)","(-179.9791717529297, 179.9791717529297)"
8516d8affffffff,0.18210568,0.1722119,0.19331275,0.008491099,6,45.9208962117601,171.18097553815835,2024-11-17,2025-01-29T23:54:15.000Z,"(-89.97917175292969, 89.97916412353516)","(-179.9791717529297, 179.9791717529297)"
8516d8b3fffffff,0.17633636,0.17633636,0.17633636,,1,46.2103754280633,170.96336350999186,2024-11-17,2025-01-29T23:54:15.000Z,"(-89.97917175292969, 89.97916412353516)","(-179.9791717529297, 179.9791717529297)"
8516d8bbfffffff,0.18235661,0.16914913,0.19881919,0.009343395,11,46.07440930250403,170.83425525564581,2024-11-17,2025-01-29T23:54:15.000Z,"(-89.97917175292969, 89.97916412353516)","(-179.9791717529297, 179.9791717529297)"
8516d8c7fffffff,0.1849663,0.1642486,0.19705817,0.0097643975,13,45.95345143535622,170.22998261791193,2024-11-17,2025-01-29T23:54:15.000Z,"(-89.97917175292969, 89.97916412353516)","(-179.9791717529297, 179.9791717529297)"
8516d8cffffffff,0.19065699,0.19065699,0.19065699,,1,45.816391437849425,170.10277286956799,2024-11-17,2025-01-29T23:54:15.000Z,"(-89.97917175292969, 89.97916412353516)","(-179.9791717529297, 179.9791717529297)"
8516d8d7fffffff,0.16494885,0.16271251,0.1701218,0.003523833,4,46.097403417106314,170.11930049459463,2024-11-17,2025-01-29T23:54:15.000Z,"(-89.97917175292969, 89.97916412353516)","(-179.9791717529297, 179.9791717529297)"
8516d907fffffff,0.17835623,0.16665763,0.19219035,0.01271945,5,45.72298360770399,172.4727623269204,2024-11-17,2025-01-29T23:54:15.000Z,"(-89.97917175292969, 89.97916412353516)","(-179.9791717529297, 179.9791717529297)"
8516d92bfffffff,0.15055463,0.14502564,0.15390065,0.0034967908,5,45.42997617893567,172.68218398657245,2024-11-17,2025-01-29T23:54:15.000Z,"(-89.97917175292969, 89.97916412353516)","(-179.9791717529297, 179.9791717529297)"
8516d92ffffffff,0.14828363,0.14336039,0.15320688,0.0069625224,2,45.41754427898743,172.91741841502304,2024-11-17,2025-01-29T23:54:15.000Z,"(-89.97917175292969, 89.97916412353516)","(-179.9791717529297, 179.9791717529297)"
8516d933fffffff,0.176925,0.16600855,0.1839247,0.007278222,9,45.71096114258149,172.70909498255702,2024-11-17,2025-01-29T23:54:15.000Z,"(-89.97917175292969, 89.97916412353516)","(-179.9791717529297, 179.9791717529297)"
8516d937fffffff,0.17896128,0.17040303,0.18408924,0.00654254,4,45.69845429047003,172.94527464918838,2024-11-17,2025-01-29T23:54:15.000Z,"(-89.97917175292969, 89.97916412353516)","(-179.9791717529297, 179.9791717529297)"
8516d93bfffffff,0.14970493,0.14970493,0.14970493,0.0,2,45.576590158360155,172.57770171986803,2024-11-17,2025-01-29T23:54:15.000Z,"(-89.97917175292969, 89.97916412353516)","(-179.9791717529297, 179.9791717529297)"
8516d983fffffff,0.10029048,0.10029048,0.10029048,,1,46.16081108761501,172.15517837316654,2024-11-17,2025-01-29T23:54:15.000Z,"(-89.97917175292969, 89.97916412353516)","(-179.9791717529297, 179.9791717529297)"
8516d98bfffffff,0.09208597,0.092085965,0.09208598,1.0536712e-08,2,46.02621180338978,172.02392906899018,2024-11-17,2025-01-29T23:54:15.000Z,"(-89.97917175292969, 89.97916412353516)","(-179.9791717529297, 179.9791717529297)"
8516d98ffffffff,0.10769673,0.10769673,0.107696734,5.268356e-09,2,46.015097030335546,172.2615029630049,2024-11-17,2025-01-29T23:54:15.000Z,"(-89.97917175292969, 89.97916412353516)","(-179.9791717529297, 179.9791717529297)"
8516d997fffffff,0.10029048,0.10029048,0.10029048,,1,46.29511405699049,172.286928020158,2024-11-17,2025-01-29T23:54:15.000Z,"(-89.97917175292969, 89.97916412353516)","(-179.9791717529297, 179.9791717529297)"
8516d9abfffffff,0.17334066,0.16607995,0.18694696,0.007626873,6,45.85733891816119,172.60424673702764,2024-11-17,2025-01-29T23:54:15.000Z,"(-89.97917175292969, 89.97916412353516)","(-179.9791717529297, 179.9791717529297)"
8516d9affffffff,0.18189952,0.17355059,0.18789393,0.005110822,10,45.845037540864894,172.8409798631225,2024-11-17,2025-01-29T23:54:15.000Z,"(-89.97917175292969, 89.97916412353516)","(-179.9791717529297, 179.9791717529297)"
8516d9b7fffffff,0.1944001,0.18985562,0.1989446,0.0064268783,2,46.12515940343336,172.86869939506727,2024-11-17,2025-01-29T23:54:15.000Z,"(-89.97917175292969, 89.97916412353516)","(-179.9791717529297, 179.9791717529297)"
8516db0ffffffff,0.15676938,0.15676938,0.15676938,0.0,2,44.637843527389904,171.43850728578505,2024-11-17,2025-01-29T23:54:15.000Z,"(-89.97917175292969, 89.97916412353516)","(-179.9791717529297, 179.9791717529297)"
8516db23fffffff,0.106905,0.106905,0.106905,,1,44.61766339127212,171.9045741406588,2024-11-17,2025-01-29T23:54:15.000Z,"(-89.97917175292969, 89.97916412353516)","(-179.9791717529297, 179.9791717529297)"
8516db27fffffff,0.106905,0.106905,0.106905,,1,44.606865428745245,172.13742842499323,2024-11-17,2025-01-29T23:54:15.000Z,"(-89.97917175292969, 89.97916412353516)","(-179.9791717529297, 179.9791717529297)"
8516db2ffffffff,0.106905,0.106905,0.106905,,1,44.470773985711034,172.00911275205874,2024-11-17,2025-01-29T23:54:15.000Z,"(-89.97917175292969, 89.97916412353516)","(-179.9791717529297, 179.9791717529297)"
8516db7bfffffff,0.19515581,0.1951558,0.19515581,8.603189e-09,3,44.36380647205965,171.18478530534577,2024-11-17,2025-01-29T23:54:15.000Z,"(-89.97917175292969, 89.97916412353516)","(-179.9791717529297, 179.9791717529297)"
8516db93fffffff,0.19466138,0.18653578,0.20732562,0.011113224,3,45.35814048314051,171.13953691295578,2024-11-17,2025-01-29T23:54:15.000Z,"(-89.97917175292969, 89.97916412353516)","(-179.9791717529297, 179.9791717529297)"
8516db9bfffffff,0.20732564,0.20732564,0.20732564,,1,45.221558712712365,171.0116822663308,2024-11-17,2025-01-29T23:54:15.000Z,"(-89.97917175292969, 89.97916412353516)","(-179.9791717529297, 179.9791717529297)"
8516dc27fffffff,0.17208505,0.1611281,0.18394479,0.006664485,12,46.64276777847208,170.63341282173124,2024-11-17,2025-01-29T23:54:15.000Z,"(-89.97917175292969, 89.97916412353516)","(-179.9791717529297, 179.9791717529297)"
8516dc2ffffffff,0.18280843,0.17967081,0.18594603,0.004437252,2,46.50685525041486,170.50412036439224,2024-11-17,2025-01-29T23:54:15.000Z,"(-89.97917175292969, 89.97916412353516)","(-179.9791717529297, 179.9791717529297)"
8516dd03fffffff,0.18846695,0.16580842,0.19463637,0.012676559,5,46.751337228911396,171.4848634592631,2024-11-17,2025-01-29T23:54:15.000Z,"(-89.97917175292969, 89.97916412353516)","(-179.9791717529297, 179.9791717529297)"
8516dd0bfffffff,0.14755863,0.13358201,0.16580841,0.010980216,9,46.616537993929505,171.3537251783961,2024-11-17,2025-01-29T23:54:15.000Z,"(-89.97917175292969, 89.97916412353516)","(-179.9791717529297, 179.9791717529297)"
8516dd13fffffff,0.20536707,0.19297595,0.22828999,0.009054581,12,46.895635747513296,171.37563005628672,2024-11-17,2025-01-29T23:54:15.000Z,"(-89.97917175292969, 89.97916412353516)","(-179.9791717529297, 179.9791717529297)"
8516dd17fffffff,0.20872779,0.20654683,0.2134671,0.0032719348,4,46.885837515518254,171.6165132928082,2024-11-17,2025-01-29T23:54:15.000Z,"(-89.97917175292969, 89.97916412353516)","(-179.9791717529297, 179.9791717529297)"
8516dd1bfffffff,0.20546344,0.19762316,0.21190411,0.0056757857,10,46.760857801139466,171.24441877459338,2024-11-17,2025-01-29T23:54:15.000Z,"(-89.97917175292969, 89.97916412353516)","(-179.9791717529297, 179.9791717529297)"
8516dd33fffffff,0.13572825,0.13572825,0.13572825,,1,46.73079019439269,171.96539919959577,2024-11-17,2025-01-29T23:54:15.000Z,"(-89.97917175292969, 89.97916412353516)","(-179.9791717529297, 179.9791717529297)"
8516dd37fffffff,0.13024357,0.12800191,0.13248521,0.0031701701,2,46.7197652172063,172.2054735455418,2024-11-17,2025-01-29T23:54:15.000Z,"(-89.97917175292969, 89.97916412353516)","(-179.9791717529297, 179.9791717529297)"
8516dd3bfffffff,0.1327963,0.1327963,0.1327963,0.0,2,46.59654737952879,171.83339710057933,2024-11-17,2025-01-29T23:54:15.000Z,"(-89.97917175292969, 89.97916412353516)","(-179.9791717529297, 179.9791717529297)"
8516dd43fffffff,0.19162083,0.18679479,0.19509993,0.0032947876,13,46.49041336114427,170.98353200001603,2024-11-17,2025-01-29T23:54:15.000Z,"(-89.97917175292969, 89.97916412353516)","(-179.9791717529297, 179.9791717529297)"
8516dd47fffffff,0.19181567,0.18829708,0.19533429,0.004976057,2,46.481442686089245,171.2230968403439,2024-11-17,2025-01-29T23:54:15.000Z,"(-89.97917175292969, 89.97916412353516)","(-179.9791717529297, 179.9791717529297)"
8516dd4bfffffff,0.1866627,0.18113203,0.19407819,0.005457086,4,46.354752652042684,170.85385321023094,2024-11-17,2025-01-29T23:54:15.000Z,"(-89.97917175292969, 89.97916412353516)","(-179.9791717529297, 179.9791717529297)"
8516dd53fffffff,0.19170506,0.18116903,0.2034818,0.0070015537,8,46.634526167597464,170.87361306047632,2024-11-17,2025-01-29T23:54:15.000Z,"(-89.97917175292969, 89.97916412353516)","(-179.9791717529297, 179.9791717529297)"
8516dd57fffffff,0.19381581,0.18908714,0.19744082,0.0029544604,13,46.625782710712194,171.11371997060814,2024-11-17,2025-01-29T23:54:15.000Z,"(-89.97917175292969, 89.97916412353516)","(-179.9791717529297, 179.9791717529297)"
8516dd5bfffffff,0.1915884,0.17967083,0.20217481,0.005548636,20,46.49888440168794,170.74387039715197,2024-11-17,2025-01-29T23:54:15.000Z,"(-89.97917175292969, 89.97916412353516)","(-179.9791717529297, 179.9791717529297)"
8516dd73fffffff,0.14487365,0.14487365,0.14487365,0.0,2,46.47197298455363,171.46255660575451,2024-11-17,2025-01-29T23:54:15.000Z,"(-89.97917175292969, 89.97916412353516)","(-179.9791717529297, 179.9791717529297)"
8516dd8bfffffff,0.19999087,0.19829035,0.20509243,0.0034010361,4,47.03968533067262,171.26591778300542,2024-11-17,2025-01-29T23:54:15.000Z,"(-89.97917175292969, 89.97916412353516)","(-179.9791717529297, 179.9791717529297)"
8516ddc3fffffff,0.20510796,0.19247265,0.21423496,0.006553957,18,46.91371818493391,170.89353681603552,2024-11-17,2025-01-29T23:54:15.000Z,"(-89.97917175292969, 89.97916412353516)","(-179.9791717529297, 179.9791717529297)"
8516ddc7fffffff,0.210929,0.20231834,0.22110903,0.0048800358,16,46.904929518817305,171.1346350789927,2024-11-17,2025-01-29T23:54:15.000Z,"(-89.97917175292969, 89.97916412353516)","(-179.9791717529297, 179.9791717529297)"
8516ddcbfffffff,0.18478484,0.17004986,0.2028654,0.011187603,17,46.77838972431746,170.76321773483207,2024-11-17,2025-01-29T23:54:15.000Z,"(-89.97917175292969, 89.97916412353516)","(-179.9791717529297, 179.9791717529297)"
8516ddcffffffff,0.20445456,0.18852131,0.21646887,0.006832044,21,46.76987550466727,171.00386739493038,2024-11-17,2025-01-29T23:54:15.000Z,"(-89.97917175292969, 89.97916412353516)","(-179.9791717529297, 179.9791717529297)"
8516ddd3fffffff,0.19376965,0.18227884,0.20652024,0.009261057,11,47.057307880869494,170.78272593079265,2024-11-17,2025-01-29T23:54:15.000Z,"(-89.97917175292969, 89.97916412353516)","(-179.9791717529297, 179.9791717529297)"
8516ddd7fffffff,0.20602165,0.19976059,0.20954442,0.0038231364,11,47.04875027183315,171.02437176999484,2024-11-17,2025-01-29T23:54:15.000Z,"(-89.97917175292969, 89.97916412353516)","(-179.9791717529297, 179.9791717529297)"
8516dddbfffffff,0.18028903,0.17507707,0.18356885,0.0030731054,6,46.92200115283451,170.65234374440357,2024-11-17,2025-01-29T23:54:15.000Z,"(-89.97917175292969, 89.97916412353516)","(-179.9791717529297, 179.9791717529297)"
8518534ffffffff,0.10876729,0.10876729,0.10876729,,1,46.27013455266069,-8.775267290493145,2024-11-17,2025-01-29T23:54:15.000Z,"(-89.97917175292969, 89.97916412353516)","(-179.9791717529297, 179.9791717529297)"
85189a0bfffffff,0.1888079,0.1888079,0.1888079,,1,47.2267444653171,-27.155662565019327,2024-11-17,2025-01-29T23:54:15.000Z,"(-89.97917175292969, 89.97916412353516)","(-179.9791717529297, 179.9791717529297)"
85189a43fffffff,0.24337107,0.24337107,0.24337108,1.0536712e-08,2,47.24802777356455,-27.57392780481654,2024-11-17,2025-01-29T23:54:15.000Z,"(-89.97917175292969, 89.97916412353516)","(-179.9791717529297, 179.9791717529297)"
85189a47fffffff,0.21024449,0.1888079,0.218469,0.013268607,8,47.1575685971421,-27.374654073426232,2024-11-17,2025-01-29T23:54:15.000Z,"(-89.97917175292969, 89.97916412353516)","(-179.9791717529297, 179.9791717529297)"
85189a6ffffffff,0.11400916,0.11400916,0.114009164,5.268356e-09,2,46.745973140019835,-27.2160730467495,2024-11-17,2025-01-29T23:54:15.000Z,"(-89.97917175292969, 89.97916412353516)","(-179.9791717529297, 179.9791717529297)"
85189b7bfffffff,0.18203962,0.18203962,0.18203962,0.0,3,46.35202790604516,-26.017063421426478,2024-11-17,2025-01-29T23:54:15.000Z,"(-89.97917175292969, 89.97916412353516)","(-179.9791717529297, 179.9791717529297)"
8518d30bfffffff,0.20661354,0.18702623,0.22295313,0.015489158,5,44.20234499612677,-19.02594291910862,2024-11-17,2025-01-29T23:54:15.000Z,"(-89.97917175292969, 89.97916412353516)","(-179.9791717529297, 179.9791717529297)"
8518d30ffffffff,0.17987114,0.17913218,0.18061009,0.0010450416,2,44.096440156513864,-18.848567143007017,2024-11-17,2025-01-29T23:54:15.000Z,"(-89.97917175292969, 89.97916412353516)","(-179.9791717529297, 179.9791717529297)"
8518d323fffffff,0.10128862,0.10128862,0.10128862,0.0,2,43.883760457547865,-18.495632463455166,2024-11-17,2025-01-29T23:54:15.000Z,"(-89.97917175292969, 89.97916412353516)","(-179.9791717529297, 179.9791717529297)"
8518d343fffffff,0.20494956,0.18722732,0.22594418,0.009498394,18,44.25253196263768,-19.41934646426047,2024-11-17,2025-01-29T23:54:15.000Z,"(-89.97917175292969, 89.97916412353516)","(-179.9791717529297, 179.9791717529297)"
8518d347fffffff,0.21668872,0.19805826,0.240563,0.012090608,13,44.14720629093382,-19.24109255797783,2024-11-17,2025-01-29T23:54:15.000Z,"(-89.97917175292969, 89.97916412353516)","(-179.9791717529297, 179.9791717529297)"
8518d34bfffffff,0.19226497,0.16032101,0.21329403,0.016331606,18,44.19665797320468,-19.63454159588427,2024-11-17,2025-01-29T23:54:15.000Z,"(-89.97917175292969, 89.97916412353516)","(-179.9791717529297, 179.9791717529297)"
8518d34ffffffff,0.19946636,0.18573749,0.21801479,0.0105316555,12,44.09161745525533,-19.45602048769451,2024-11-17,2025-01-29T23:54:15.000Z,"(-89.97917175292969, 89.97916412353516)","(-179.9791717529297, 179.9791717529297)"
8518d353fffffff,0.17353821,0.1735382,0.17353821,1.0536712e-08,2,44.413266560337725,-19.382509840540386,2024-11-17,2025-01-29T23:54:15.000Z,"(-89.97917175292969, 89.97916412353516)","(-179.9791717529297, 179.9791717529297)"
8518d357fffffff,0.2209053,0.21875048,0.22415674,0.002865107,3,44.30795500060501,-19.20392393473211,2024-11-17,2025-01-29T23:54:15.000Z,"(-89.97917175292969, 89.97916412353516)","(-179.9791717529297, 179.9791717529297)"
8518d35bfffffff,0.16624932,0.15055758,0.1815124,0.010259812,6,44.357557518917396,-19.59820168492724,2024-11-17,2025-01-29T23:54:15.000Z,"(-89.97917175292969, 89.97916412353516)","(-179.9791717529297, 179.9791717529297)"
8518d36bfffffff,0.14199118,0.114319764,0.18076442,0.028310217,9,43.82517484573458,-19.314939927523348,2024-11-17,2025-01-29T23:54:15.000Z,"(-89.97917175292969, 89.97916412353516)","(-179.9791717529297, 179.9791717529297)"
8518d373fffffff,0.19823547,0.18691844,0.2117051,0.0090851765,10,44.041584100677206,-19.063440371981994,2024-11-17,2025-01-29T23:54:15.000Z,"(-89.97917175292969, 89.97916412353516)","(-179.9791717529297, 179.9791717529297)"
8518d37bfffffff,0.19091836,0.17572977,0.21237098,0.009777232,14,43.986278756722946,-19.27809753969195,2024-11-17,2025-01-29T23:54:15.000Z,"(-89.97917175292969, 89.97916412353516)","(-179.9791717529297, 179.9791717529297)"
8518d803fffffff,0.09964565,0.08824339,0.12251004,0.012538713,6,42.74540739953839,-16.386705920856425,2024-11-17,2025-01-29T23:54:15.000Z,"(-89.97917175292969, 89.97916412353516)","(-179.9791717529297, 179.9791717529297)"
8518d807fffffff,0.11992064,0.107754424,0.13166457,0.007619887,9,42.63550156621101,-16.218138916210908,2024-11-17,2025-01-29T23:54:15.000Z,"(-89.97917175292969, 89.97916412353516)","(-179.9791717529297, 179.9791717529297)"
8518d80bfffffff,0.10605726,0.10605726,0.10605726,,1,42.69450494840275,-16.597831728578665,2024-11-17,2025-01-29T23:54:15.000Z,"(-89.97917175292969, 89.97916412353516)","(-179.9791717529297, 179.9791717529297)"
8518d80ffffffff,0.11144823,0.09615891,0.13004185,0.014663048,8,42.58485592398672,-16.4289397982679,2024-11-17,2025-01-29T23:54:15.000Z,"(-89.97917175292969, 89.97916412353516)","(-179.9791717529297, 179.9791717529297)"
8518d817fffffff,0.10884711,0.08824339,0.12528563,0.011827771,8,42.79587141791649,-16.175444816368586,2024-11-17,2025-01-29T23:54:15.000Z,"(-89.97917175292969, 89.97916412353516)","(-179.9791717529297, 179.9791717529297)"
8518d84bfffffff,0.18231975,0.18231975,0.18231975,,1,42.700273400757055,-17.189781477662628,2024-11-17,2025-01-29T23:54:15.000Z,"(-89.97917175292969, 89.97916412353516)","(-179.9791717529297, 179.9791717529297)"
8518d853fffffff,0.13632654,0.12623928,0.14982922,0.009038272,8,42.913068767559736,-16.937431738042537,2024-11-17,2025-01-29T23:54:15.000Z,"(-89.97917175292969, 89.97916412353516)","(-179.9791717529297, 179.9791717529297)"
8518d86bfffffff,0.11573297,0.11010174,0.121364206,0.007963768,2,42.32118747775369,-16.891265379627303,2024-11-17,2025-01-29T23:54:15.000Z,"(-89.97917175292969, 89.97916412353516)","(-179.9791717529297, 179.9791717529297)"
8518d86ffffffff,0.0651551,0.0651551,0.0651551,0.0,2,42.211828770318036,-16.72262220808533,2024-11-17,2025-01-29T23:54:15.000Z,"(-89.97917175292969, 89.97916412353516)","(-179.9791717529297, 179.9791717529297)"
8518d873fffffff,0.0913444,0.08780498,0.09615204,0.0029234975,8,42.533773915069965,-16.639604821597153,2024-11-17,2025-01-29T23:54:15.000Z,"(-89.97917175292969, 89.97916412353516)","(-179.9791717529297, 179.9791717529297)"
8518d877fffffff,0.081085846,0.078502364,0.08424605,0.003020083,4,42.42414119675068,-16.470995270419287,2024-11-17,2025-01-29T23:54:15.000Z,"(-89.97917175292969, 89.97916412353516)","(-179.9791717529297, 179.9791717529297)"
8518d87bfffffff,0.10396243,0.0966621,0.115796864,0.006848039,7,42.48225648534335,-16.85012842725561,2024-11-17,2025-01-29T23:54:15.000Z,"(-89.97917175292969, 89.97916412353516)","(-179.9791717529297, 179.9791717529297)"
8518d8abfffffff,0.12689294,0.10300745,0.14683206,0.017740222,11,42.68570993460402,-16.00720775625291,2024-11-17,2025-01-29T23:54:15.000Z,"(-89.97917175292969, 89.97916412353516)","(-179.9791717529297, 179.9791717529297)"
8518d8cffffffff,0.14929444,0.14911811,0.14947078,0.00024937236,2,42.96449035307899,-16.725664268186435,2024-11-17,2025-01-29T23:54:15.000Z,"(-89.97917175292969, 89.97916412353516)","(-179.9791717529297, 179.9791717529297)"
8518d913fffffff,0.08323293,0.08208379,0.084828496,0.0011516237,4,42.13143556971438,-15.175166409496375,2024-11-17,2025-01-29T23:54:15.000Z,"(-89.97917175292969, 89.97916412353516)","(-179.9791717529297, 179.9791717529297)"
8518d943fffffff,0.06442972,0.06442972,0.06442972,,1,41.983267987476154,-15.802573071047872,2024-11-17,2025-01-29T23:54:15.000Z,"(-89.97917175292969, 89.97916412353516)","(-179.9791717529297, 179.9791717529297)"
8518d953fffffff,0.071071416,0.064429715,0.086538985,0.007782886,6,42.143898856651234,-15.759418049551408,2024-11-17,2025-01-29T23:54:15.000Z,"(-89.97917175292969, 89.97916412353516)","(-179.9791717529297, 179.9791717529297)"
8518d98ffffffff,0.085739896,0.085739896,0.085739896,,1,42.179961793922054,-14.965822816955097,2024-11-17,2025-01-29T23:54:15.000Z,"(-89.97917175292969, 89.97916412353516)","(-179.9791717529297, 179.9791717529297)"
8518d9c3fffffff,0.08129782,0.08129782,0.08129782,,1,42.35382381683443,-15.506156187966004,2024-11-17,2025-01-29T23:54:15.000Z,"(-89.97917175292969, 89.97916412353516)","(-179.9791717529297, 179.9791717529297)"
8518d9c7fffffff,0.08129782,0.08129782,0.08129782,,1,42.24274029448798,-15.34035720824961,2024-11-17,2025-01-29T23:54:15.000Z,"(-89.97917175292969, 89.97916412353516)","(-179.9791717529297, 179.9791717529297)"
8518d9cffffffff,0.0839184,0.081297815,0.086538985,0.0037060673,2,42.19353581484031,-15.549942954582624,2024-11-17,2025-01-29T23:54:15.000Z,"(-89.97917175292969, 89.97916412353516)","(-179.9791717529297, 179.9791717529297)"
8518da03fffffff,0.14348587,0.14348586,0.14348587,1.0536712e-08,2,42.379938048183504,-17.86143350808592,2024-11-17,2025-01-29T23:54:15.000Z,"(-89.97917175292969, 89.97916412353516)","(-179.9791717529297, 179.9791717529297)"
8518da07fffffff,0.14668813,0.13685846,0.15518768,0.0052443747,11,42.27185282693588,-17.690698307607853,2024-11-17,2025-01-29T23:54:15.000Z,"(-89.97917175292969, 89.97916412353516)","(-179.9791717529297, 179.9791717529297)"
8518da0bfffffff,0.15401067,0.15303662,0.1553367,0.0011897442,3,42.32599482710269,-18.071456834241094,2024-11-17,2025-01-29T23:54:15.000Z,"(-89.97917175292969, 89.97916412353516)","(-179.9791717529297, 179.9791717529297)"
8518da0ffffffff,0.15150699,0.13685845,0.15710133,0.0051384624,13,42.21817383087766,-17.900432265698505,2024-11-17,2025-01-29T23:54:15.000Z,"(-89.97917175292969, 89.97916412353516)","(-179.9791717529297, 179.9791717529297)"
8518da13fffffff,0.17843401,0.17744023,0.17954099,0.0010549485,3,42.541546174837414,-17.82226799929581,2024-11-17,2025-01-29T23:54:15.000Z,"(-89.97917175292969, 89.97916412353516)","(-179.9791717529297, 179.9791717529297)"
8518da17fffffff,0.15345311,0.15345311,0.15345311,,1,42.43345017165845,-17.65123620808213,2024-11-17,2025-01-29T23:54:15.000Z,"(-89.97917175292969, 89.97916412353516)","(-179.9791717529297, 179.9791717529297)"
8518da1bfffffff,0.17005107,0.17005107,0.17005107,,1,42.487769073498995,-18.032756817832603,2024-11-17,2025-01-29T23:54:15.000Z,"(-89.97917175292969, 89.97916412353516)","(-179.9791717529297, 179.9791717529297)"
8518da47fffffff,0.14276618,0.14173463,0.14359275,0.00094586343,3,42.27162171003522,-18.28130076559497,2024-11-17,2025-01-29T23:54:15.000Z,"(-89.97917175292969, 89.97916412353516)","(-179.9791717529297, 179.9791717529297)"
8518da4ffffffff,0.13581307,0.13107839,0.14054775,0.006695849,2,42.216819936631985,-18.490959909701466,2024-11-17,2025-01-29T23:54:15.000Z,"(-89.97917175292969, 89.97916412353516)","(-179.9791717529297, 179.9791717529297)"
8518da53fffffff,0.1755933,0.14394875,0.20372817,0.021389086,13,42.540865435680026,-18.415261184084947,2024-11-17,2025-01-29T23:54:15.000Z,"(-89.97917175292969, 89.97916412353516)","(-179.9791717529297, 179.9791717529297)"
8518da5bfffffff,0.1478599,0.14104879,0.15512466,0.0064375447,5,42.485956860521405,-18.62566439224787,2024-11-17,2025-01-29T23:54:15.000Z,"(-89.97917175292969, 89.97916412353516)","(-179.9791717529297, 179.9791717529297)"
8518da73fffffff,0.1491181,0.14053483,0.15498699,0.004226107,12,42.164065897447884,-18.109991958982103,2024-11-17,2025-01-29T23:54:15.000Z,"(-89.97917175292969, 89.97916412353516)","(-179.9791717529297, 179.9791717529297)"
8518da7bfffffff,0.13773294,0.116432995,0.15730284,0.013192758,12,42.10953024080301,-18.319372004981492,2024-11-17,2025-01-29T23:54:15.000Z,"(-89.97917175292969, 89.97916412353516)","(-179.9791717529297, 179.9791717529297)"
8518da83fffffff,0.16654134,0.16591917,0.16706473,0.00047113548,4,42.75616982068999,-17.5718051593494,2024-11-17,2025-01-29T23:54:15.000Z,"(-89.97917175292969, 89.97916412353516)","(-179.9791717529297, 179.9791717529297)"
8518da87fffffff,0.176239,0.16645794,0.18250655,0.0062178457,9,42.647799469750375,-17.40077482816276,2024-11-17,2025-01-29T23:54:15.000Z,"(-89.97917175292969, 89.97916412353516)","(-179.9791717529297, 179.9791717529297)"
8518da8bfffffff,0.17018661,0.17018661,0.17018661,0.0,2,42.70299564112907,-17.782934704380047,2024-11-17,2025-01-29T23:54:15.000Z,"(-89.97917175292969, 89.97916412353516)","(-179.9791717529297, 179.9791717529297)"
8518da8ffffffff,0.17130862,0.16663821,0.17799121,0.0034639023,11,42.59489002377419,-17.61160550688697,2024-11-17,2025-01-29T23:54:15.000Z,"(-89.97917175292969, 89.97916412353516)","(-179.9791717529297, 179.9791717529297)"
8518da97fffffff,0.1740286,0.16940686,0.18237886,0.0057726083,7,42.808907460991115,-17.360507776359253,2024-11-17,2025-01-29T23:54:15.000Z,"(-89.97917175292969, 89.97916412353516)","(-179.9791717529297, 179.9791717529297)"
8518daa3fffffff,0.1468425,0.13741516,0.15580885,0.005249813,16,42.37791934018346,-17.270729264298783,2024-11-17,2025-01-29T23:54:15.000Z,"(-89.97917175292969, 89.97916412353516)","(-179.9791717529297, 179.9791717529297)"
8518daa7fffffff,0.1504869,0.1504869,0.1504869,,1,42.269061614683984,-17.10118204154439,2024-11-17,2025-01-29T23:54:15.000Z,"(-89.97917175292969, 89.97916412353516)","(-179.9791717529297, 179.9791717529297)"
8518daabfffffff,0.15332451,0.14417346,0.15919787,0.00459223,15,42.32510170941211,-17.480795494822583,2024-11-17,2025-01-29T23:54:15.000Z,"(-89.97917175292969, 89.97916412353516)","(-179.9791717529297, 179.9791717529297)"
8518daaffffffff,0.13549623,0.13549623,0.13549623,0.0,2,42.216504452021766,-17.31094580157816,2024-11-17,2025-01-29T23:54:15.000Z,"(-89.97917175292969, 89.97916412353516)","(-179.9791717529297, 179.9791717529297)"
8518dab7fffffff,0.13241558,0.11010174,0.15305871,0.0111952815,13,42.43030461934707,-17.060505079034137,2024-11-17,2025-01-29T23:54:15.000Z,"(-89.97917175292969, 89.97916412353516)","(-179.9791717529297, 179.9791717529297)"
8518dac7fffffff,0.17470191,0.17310202,0.17698355,0.0018182544,5,42.64938605987875,-17.993890884670495,2024-11-17,2025-01-29T23:54:15.000Z,"(-89.97917175292969, 89.97916412353516)","(-179.9791717529297, 179.9791717529297)"
8518dacbfffffff,0.18574141,0.18039505,0.19643413,0.009260164,3,42.702653943074516,-18.37716758039561,2024-11-17,2025-01-29T23:54:15.000Z,"(-89.97917175292969, 89.97916412353516)","(-179.9791717529297, 179.9791717529297)"
8518dacffffffff,0.18640874,0.17005105,0.20236376,0.011861663,11,42.59534225315582,-18.20466820131312,2024-11-17,2025-01-29T23:54:15.000Z,"(-89.97917175292969, 89.97916412353516)","(-179.9791717529297, 179.9791717529297)"
8518dad3fffffff,0.158196,0.158196,0.158196,,1,42.91842911166703,-18.127375381642015,2024-11-17,2025-01-29T23:54:15.000Z,"(-89.97917175292969, 89.97916412353516)","(-179.9791717529297, 179.9791717529297)"
8518dad7fffffff,0.18285884,0.17988017,0.18686138,0.0035395985,4,42.81084322300429,-17.954858001470974,2024-11-17,2025-01-29T23:54:15.000Z,"(-89.97917175292969, 89.97916412353516)","(-179.9791717529297, 179.9791717529297)"
8518dadbfffffff,0.158196,0.158196,0.158196,,1,42.86428286624873,-18.338909790570675,2024-11-17,2025-01-29T23:54:15.000Z,"(-89.97917175292969, 89.97916412353516)","(-179.9791717529297, 179.9791717529297)"
8518de0ffffffff,0.1526306,0.14946657,0.16100441,0.0056008575,4,43.34715598832619,-17.62390267395196,2024-11-17,2025-01-29T23:54:15.000Z,"(-89.97917175292969, 89.97916412353516)","(-179.9791717529297, 179.9791717529297)"
8518de33fffffff,0.12778619,0.110379614,0.15943687,0.021836197,4,43.2912374213488,-17.23866697008616,2024-11-17,2025-01-29T23:54:15.000Z,"(-89.97917175292969, 89.97916412353516)","(-179.9791717529297, 179.9791717529297)"
8518de3bfffffff,0.15321153,0.13541384,0.16229938,0.009139004,11,43.23902346047586,-17.451375666856787,2024-11-17,2025-01-29T23:54:15.000Z,"(-89.97917175292969, 89.97916412353516)","(-179.9791717529297, 179.9791717529297)"
8518de4ffffffff,0.18437904,0.18437904,0.18437906,1.0536712e-08,2,43.34818670092811,-18.223140968253993,2024-11-17,2025-01-29T23:54:15.000Z,"(-89.97917175292969, 89.97916412353516)","(-179.9791717529297, 179.9791717529297)"
8518de63fffffff,0.18362752,0.18340762,0.18384743,0.00031099105,2,43.13326789531125,-17.876287210363795,2024-11-17,2025-01-29T23:54:15.000Z,"(-89.97917175292969, 89.97916412353516)","(-179.9791717529297, 179.9791717529297)"
8518de6bfffffff,0.17818065,0.16775364,0.18846601,0.00901979,6,43.079728526289145,-18.088478792201357,2024-11-17,2025-01-29T23:54:15.000Z,"(-89.97917175292969, 89.97916412353516)","(-179.9791717529297, 179.9791717529297)"
8518de73fffffff,0.1858317,0.17624305,0.19229919,0.007890855,4,43.294230347357974,-17.83674719418887,2024-11-17,2025-01-29T23:54:15.000Z,"(-89.97917175292969, 89.97916412353516)","(-179.9791717529297, 179.9791717529297)"
8518de7bfffffff,0.18529135,0.17376581,0.19337855,0.006254138,13,43.24086188809425,-18.049414021654307,2024-11-17,2025-01-29T23:54:15.000Z,"(-89.97917175292969, 89.97916412353516)","(-179.9791717529297, 179.9791717529297)"
8518ec03fffffff,0.16237372,0.16062361,0.16324878,0.0015156368,3,46.134586997146265,-9.650337159064552,2024-11-17,2025-01-29T23:54:15.000Z,"(-89.97917175292969, 89.97916412353516)","(-179.9791717529297, 179.9791717529297)"
8518ec13fffffff,0.15600504,0.13009785,0.16944307,0.015947714,9,46.286078560981636,-9.592073624005431,2024-11-17,2025-01-29T23:54:15.000Z,"(-89.97917175292969, 89.97916412353516)","(-179.9791717529297, 179.9791717529297)"
8518ec17fffffff,0.15971878,0.1483768,0.17312133,0.00896425,9,46.169177739324454,-9.431476275267684,2024-11-17,2025-01-29T23:54:15.000Z,"(-89.97917175292969, 89.97916412353516)","(-179.9791717529297, 179.9791717529297)"
8518ec1bfffffff,0.15596874,0.13009785,0.1640754,0.011578047,7,46.25126552384812,-9.811437559658561,2024-11-17,2025-01-29T23:54:15.000Z,"(-89.97917175292969, 89.97916412353516)","(-179.9791717529297, 179.9791717529297)"
8518ec8ffffffff,0.13820831,0.11862961,0.15539844,0.012033432,7,46.32042009179932,-9.372763286767851,2024-11-17,2025-01-29T23:54:15.000Z,"(-89.97917175292969, 89.97916412353516)","(-179.9791717529297, 179.9791717529297)"
8518ecb3fffffff,0.10876729,0.10876729,0.10876729,0.0,2,46.236950991424195,-8.99393499061074,2024-11-17,2025-01-29T23:54:15.000Z,"(-89.97917175292969, 89.97916412353516)","(-179.9791717529297, 179.9791717529297)"
8518ecbbfffffff,0.13907911,0.11862962,0.15113828,0.017804528,3,46.20329890194871,-9.212673433784463,2024-11-17,2025-01-29T23:54:15.000Z,"(-89.97917175292969, 89.97916412353516)","(-179.9791717529297, 179.9791717529297)"
851a4807fffffff,0.29474157,0.2875239,0.29955333,0.006588795,5,44.53918687874756,-31.31120775695337,2024-11-17,2025-01-29T23:54:15.000Z,"(-89.97917175292969, 89.97916412353516)","(-179.9791717529297, 179.9791717529297)"
851a4823fffffff,0.2753615,0.2523651,0.2868597,0.019915454,3,44.29004199548053,-31.126141980101995,2024-11-17,2025-01-29T23:54:15.000Z,"(-89.97917175292969, 89.97916412353516)","(-179.9791717529297, 179.9791717529297)"
851a4833fffffff,0.28314307,0.21471518,0.31610897,0.039672032,5,44.453351527229046,-31.11582504639555,2024-11-17,2025-01-29T23:54:15.000Z,"(-89.97917175292969, 89.97916412353516)","(-179.9791717529297, 179.9791717529297)"
851a4837fffffff,0.20397513,0.19856131,0.21471518,0.009301278,3,44.36710597920985,-30.920840969772094,2024-11-17,2025-01-29T23:54:15.000Z,"(-89.97917175292969, 89.97916412353516)","(-179.9791717529297, 179.9791717529297)"
851a483bfffffff,0.24158487,0.24158487,0.24158487,,1,44.375976199828386,-31.32108526368801,2024-11-17,2025-01-29T23:54:15.000Z,"(-89.97917175292969, 89.97916412353516)","(-179.9791717529297, 179.9791717529297)"
851a48affffffff,0.18207023,0.18207023,0.18207023,0.0,2,44.53035249020151,-30.910037025137736,2024-11-17,2025-01-29T23:54:15.000Z,"(-89.97917175292969, 89.97916412353516)","(-179.9791717529297, 179.9791717529297)"
851a4983fffffff,0.32050833,0.30653667,0.34172314,0.019132344,5,44.420449201496005,-29.912927237103442,2024-11-17,2025-01-29T23:54:15.000Z,"(-89.97917175292969, 89.97916412353516)","(-179.9791717529297, 179.9791717529297)"
851a4987fffffff,0.29392987,0.25050583,0.3089264,0.028958766,4,44.332052581827426,-29.71911691745811,2024-11-17,2025-01-29T23:54:15.000Z,"(-89.97917175292969, 89.97916412353516)","(-179.9791717529297, 179.9791717529297)"
851a498bfffffff,0.23704079,0.21697807,0.25077906,0.015012391,8,44.34514573782268,-30.11981774638396,2024-11-17,2025-01-29T23:54:15.000Z,"(-89.97917175292969, 89.97916412353516)","(-179.9791717529297, 179.9791717529297)"
851a498ffffffff,0.26308736,0.25008804,0.30685878,0.019480845,7,44.257061386849024,-29.92601576307105,2024-11-17,2025-01-29T23:54:15.000Z,"(-89.97917175292969, 89.97916412353516)","(-179.9791717529297, 179.9791717529297)"
851a49a3fffffff,0.2617733,0.2617733,0.2617733,,1,44.079696395338345,-29.539680670842632,2024-11-17,2025-01-29T23:54:15.000Z,"(-89.97917175292969, 89.97916412353516)","(-179.9791717529297, 179.9791717529297)"
851a49b3fffffff,0.23675135,0.21934478,0.2541625,0.012911548,10,44.243256803503925,-29.52573379780351,2024-11-17,2025-01-29T23:54:15.000Z,"(-89.97917175292969, 89.97916412353516)","(-179.9791717529297, 179.9791717529297)"
851a49bbfffffff,0.25787818,0.25008804,0.2617733,0.006746475,3,44.168577419354214,-29.73263573297237,2024-11-17,2025-01-29T23:54:15.000Z,"(-89.97917175292969, 89.97916412353516)","(-179.9791717529297, 179.9791717529297)"
851a49c3fffffff,0.23438245,0.23438245,0.23438245,,1,44.356829750144,-30.5204054621078,2024-11-17,2025-01-29T23:54:15.000Z,"(-89.97917175292969, 89.97916412353516)","(-179.9791717529297, 179.9791717529297)"
851a49c7fffffff,0.24034888,0.22981669,0.2546011,0.011505971,4,44.269459611157174,-30.326203765851506,2024-11-17,2025-01-29T23:54:15.000Z,"(-89.97917175292969, 89.97916412353516)","(-179.9791717529297, 179.9791717529297)"
851a49cbfffffff,0.23345189,0.2211079,0.24210185,0.006951984,11,44.280452626138874,-30.726258810744344,2024-11-17,2025-01-29T23:54:15.000Z,"(-89.97917175292969, 89.97916412353516)","(-179.9791717529297, 179.9791717529297)"
851a49d3fffffff,0.21572067,0.21572067,0.21572067,0.0,3,44.520105494081285,-30.508675254696122,2024-11-17,2025-01-29T23:54:15.000Z,"(-89.97917175292969, 89.97916412353516)","(-179.9791717529297, 179.9791717529297)"
851a4a03fffffff,0.16762817,0.16632871,0.16892761,0.0015004737,4,44.070971621128514,-32.931640501386894,2024-11-17,2025-01-29T23:54:15.000Z,"(-89.97917175292969, 89.97916412353516)","(-179.9791717529297, 179.9791717529297)"
851a4a07fffffff,0.16892761,0.16892761,0.16892761,,1,43.987713957999254,-32.736335014231045,2024-11-17,2025-01-29T23:54:15.000Z,"(-89.97917175292969, 89.97916412353516)","(-179.9791717529297, 179.9791717529297)"
851a4da7fffffff,0.19721341,0.1972134,0.19721341,1.0536712e-08,2,45.13250831839558,-29.245141862054115,2024-11-17,2025-01-29T23:54:15.000Z,"(-89.97917175292969, 89.97916412353516)","(-179.9791717529297, 179.9791717529297)"
851a6943fffffff,0.14877006,0.14877006,0.14877006,0.0,2,46.7491483215982,-29.093517208617822,2024-11-17,2025-01-29T23:54:15.000Z,"(-89.97917175292969, 89.97916412353516)","(-179.9791717529297, 179.9791717529297)"
851a694bfffffff,0.22663876,0.19413765,0.26280475,0.031098444,5,46.67615243879986,-29.3085738338841,2024-11-17,2025-01-29T23:54:15.000Z,"(-89.97917175292969, 89.97916412353516)","(-179.9791717529297, 179.9791717529297)"
851a6953fffffff,0.16396035,0.15609963,0.17182107,0.009076773,4,46.90977091773389,-29.077957089201707,2024-11-17,2025-01-29T23:54:15.000Z,"(-89.97917175292969, 89.97916412353516)","(-179.9791717529297, 179.9791717529297)"
851a69a3fffffff,0.22521816,0.22240697,0.23538706,0.0050493074,6,46.857485588470915,-27.829809101256288,2024-11-17,2025-01-29T23:54:15.000Z,"(-89.97917175292969, 89.97916412353516)","(-179.9791717529297, 179.9791717529297)"
851a69abfffffff,0.22902754,0.21307153,0.24864239,0.010787514,16,46.78687042337297,-28.0468162434307,2024-11-17,2025-01-29T23:54:15.000Z,"(-89.97917175292969, 89.97916412353516)","(-179.9791717529297, 179.9791717529297)"
851a69affffffff,0.22042355,0.21572538,0.22513832,0.0033405407,5,46.69689075452266,-27.848330233019553,2024-11-17,2025-01-29T23:54:15.000Z,"(-89.97917175292969, 89.97916412353516)","(-179.9791717529297, 179.9791717529297)"
851a69bbfffffff,0.23518942,0.22947942,0.24006453,0.0042986944,8,46.94737465972357,-28.02874436811325,2024-11-17,2025-01-29T23:54:15.000Z,"(-89.97917175292969, 89.97916412353516)","(-179.9791717529297, 179.9791717529297)"
851a6b17fffffff,0.18404119,0.14691797,0.2026028,0.032149654,3,46.36779546724406,-29.751031033689994,2024-11-17,2025-01-29T23:54:15.000Z,"(-89.97917175292969, 89.97916412353516)","(-179.9791717529297, 179.9791717529297)"
851a6b97fffffff,0.22752817,0.20503534,0.26280475,0.025615234,6,46.763547765388616,-29.508610284427448,2024-11-17,2025-01-29T23:54:15.000Z,"(-89.97917175292969, 89.97916412353516)","(-179.9791717529297, 179.9791717529297)"
851a6ba3fffffff,0.17614532,0.17614532,0.17614532,,1,46.354130940713816,-29.338418926905984,2024-11-17,2025-01-29T23:54:15.000Z,"(-89.97917175292969, 89.97916412353516)","(-179.9791717529297, 179.9791717529297)"
851a6babfffffff,0.1927387,0.18764393,0.20028353,0.004348961,9,46.280526491366615,-29.55190574424953,2024-11-17,2025-01-29T23:54:15.000Z,"(-89.97917175292969, 89.97916412353516)","(-179.9791717529297, 179.9791717529297)"
851a6bb3fffffff,0.13398853,0.12831852,0.14096363,0.006633312,4,46.515237977203974,-29.32353176007523,2024-11-17,2025-01-29T23:54:15.000Z,"(-89.97917175292969, 89.97916412353516)","(-179.9791717529297, 179.9791717529297)"
851a6bbbfffffff,0.16666447,0.14691797,0.17614532,0.013479459,4,46.44172559427727,-29.53754230065763,2024-11-17,2025-01-29T23:54:15.000Z,"(-89.97917175292969, 89.97916412353516)","(-179.9791717529297, 179.9791717529297)"
851ac133fffffff,0.2220461,0.21367793,0.23536001,0.009233381,7,41.91684343821735,-41.917374876998394,2024-11-17,2025-01-29T23:54:15.000Z,"(-89.97917175292969, 89.97916412353516)","(-179.9791717529297, 179.9791717529297)"
851ac137fffffff,0.21367794,0.21367793,0.21367794,1.0536712e-08,2,41.84851208490876,-41.725932140317,2024-11-17,2025-01-29T23:54:15.000Z,"(-89.97917175292969, 89.97916412353516)","(-179.9791717529297, 179.9791717529297)"
851ac1a3fffffff,0.21927024,0.21927024,0.21927024,,1,42.17189501626769,-41.752788401594024,2024-11-17,2025-01-29T23:54:15.000Z,"(-89.97917175292969, 89.97916412353516)","(-179.9791717529297, 179.9791717529297)"
851ac1abfffffff,0.23664396,0.21927024,0.2483699,0.009195125,12,42.078430795984694,-41.93119516426681,2024-11-17,2025-01-29T23:54:15.000Z,"(-89.97917175292969, 89.97916412353516)","(-179.9791717529297, 179.9791717529297)"
851ac1affffffff,0.2493713,0.24628341,0.2524592,0.0043669404,2,42.01026347380109,-41.739331049450435,2024-11-17,2025-01-29T23:54:15.000Z,"(-89.97917175292969, 89.97916412353516)","(-179.9791717529297, 179.9791717529297)"
851ac1bbfffffff,0.2136999,0.2136999,0.21369992,1.0536712e-08,2,42.239897187042295,-41.94507573151821,2024-11-17,2025-01-29T23:54:15.000Z,"(-89.97917175292969, 89.97916412353516)","(-179.9791717529297, 179.9791717529297)"
851ac803fffffff,0.26518634,0.20221473,0.30293933,0.02608238,15,40.43129903755612,-40.88095008667119,2024-11-17,2025-01-29T23:54:15.000Z,"(-89.97917175292969, 89.97916412353516)","(-179.9791717529297, 179.9791717529297)"
851ac807fffffff,0.2666616,0.24020654,0.292106,0.018878391,12,40.3598484112262,-40.693115780529816,2024-11-17,2025-01-29T23:54:15.000Z,"(-89.97917175292969, 89.97916412353516)","(-179.9791717529297, 179.9791717529297)"
851ac80bfffffff,0.1829833,0.17680001,0.19324996,0.0059495335,6,40.33927809793287,-41.057208720052316,2024-11-17,2025-01-29T23:54:15.000Z,"(-89.97917175292969, 89.97916412353516)","(-179.9791717529297, 179.9791717529297)"
851ac80ffffffff,0.2758132,0.17680001,0.34425867,0.049843453,15,40.26807881368316,-40.869630542482575,2024-11-17,2025-01-29T23:54:15.000Z,"(-89.97917175292969, 89.97916412353516)","(-179.9791717529297, 179.9791717529297)"
851ac813fffffff,0.262654,0.23914489,0.28626022,0.017878883,6,40.59442430944618,-40.8923181570553,2024-11-17,2025-01-29T23:54:15.000Z,"(-89.97917175292969, 89.97916412353516)","(-179.9791717529297, 179.9791717529297)"
851ac817fffffff,0.26098973,0.24523422,0.27479017,0.008707907,15,40.52312009671362,-40.70407674793611,2024-11-17,2025-01-29T23:54:15.000Z,"(-89.97917175292969, 89.97916412353516)","(-179.9791717529297, 179.9791717529297)"
851ac81bfffffff,0.16075502,0.12386187,0.23454133,0.06390081,3,40.50235118837988,-41.068934023678075,2024-11-17,2025-01-29T23:54:15.000Z,"(-89.97917175292969, 89.97916412353516)","(-179.9791717529297, 179.9791717529297)"
851ac823fffffff,0.32962123,0.26900727,0.4265051,0.040765736,19,40.124491773677995,-40.49492571097581,2024-11-17,2025-01-29T23:54:15.000Z,"(-89.97917175292969, 89.97916412353516)","(-179.9791717529297, 179.9791717529297)"
851ac827fffffff,0.32093075,0.2886267,0.35192794,0.019225331,17,40.05210635359541,-40.307806694715886,2024-11-17,2025-01-29T23:54:15.000Z,"(-89.97917175292969, 89.97916412353516)","(-179.9791717529297, 179.9791717529297)"
851ac82bfffffff,0.34162617,0.2991102,0.41934863,0.043688275,17,40.03302642331965,-40.671333898117,2024-11-17,2025-01-29T23:54:15.000Z,"(-89.97917175292969, 89.97916412353516)","(-179.9791717529297, 179.9791717529297)"
851ac82ffffffff,0.31344286,0.28313562,0.35506585,0.024237934,16,39.96089318222511,-40.48446121770618,2024-11-17,2025-01-29T23:54:15.000Z,"(-89.97917175292969, 89.97916412353516)","(-179.9791717529297, 179.9791717529297)"
851ac833fffffff,0.31435952,0.286537,0.401479,0.035180196,16,40.288000450532195,-40.505434959239764,2024-11-17,2025-01-29T23:54:15.000Z,"(-89.97917175292969, 89.97916412353516)","(-179.9791717529297, 179.9791717529297)"
851ac837fffffff,0.29678604,0.27813038,0.3382516,0.017652685,16,40.215756328358395,-40.31791145731661,2024-11-17,2025-01-29T23:54:15.000Z,"(-89.97917175292969, 89.97916412353516)","(-179.9791717529297, 179.9791717529297)"
851ac83bfffffff,0.34963623,0.28568786,0.39220533,0.0373388,12,40.19648298825062,-40.68220159662225,2024-11-17,2025-01-29T23:54:15.000Z,"(-89.97917175292969, 89.97916412353516)","(-179.9791717529297, 179.9791717529297)"
851ac863fffffff,0.22645694,0.20177639,0.25267836,0.023853995,4,40.01285376043602,-41.033907644177184,2024-11-17,2025-01-29T23:54:15.000Z,"(-89.97917175292969, 89.97916412353516)","(-179.9791717529297, 179.9791717529297)"
851ac867fffffff,0.31244385,0.18654922,0.5747278,0.12465572,9,39.941363869311935,-40.847135798619135,2024-11-17,2025-01-29T23:54:15.000Z,"(-89.97917175292969, 89.97916412353516)","(-179.9791717529297, 179.9791717529297)"
851ac86bfffffff,0.20504689,0.1994717,0.20847407,0.0039117094,7,39.92074918659882,-41.20884675898165,2024-11-17,2025-01-29T23:54:15.000Z,"(-89.97917175292969, 89.97916412353516)","(-179.9791717529297, 179.9791717529297)"
851ac86ffffffff,0.23389198,0.22039992,0.24723274,0.010946292,6,39.84950769915038,-41.022331239534736,2024-11-17,2025-01-29T23:54:15.000Z,"(-89.97917175292969, 89.97916412353516)","(-179.9791717529297, 179.9791717529297)"
851ac873fffffff,0.21096349,0.20775752,0.21404837,0.0035174394,4,40.17611142576549,-41.0455333660638,2024-11-17,2025-01-29T23:54:15.000Z,"(-89.97917175292969, 89.97916412353516)","(-179.9791717529297, 179.9791717529297)"
851ac877fffffff,0.3107733,0.2450823,0.42410374,0.05109364,17,40.10476622546033,-40.85835921531793,2024-11-17,2025-01-29T23:54:15.000Z,"(-89.97917175292969, 89.97916412353516)","(-179.9791717529297, 179.9791717529297)"
851ac87bfffffff,0.20108676,0.18335114,0.21446513,0.013979106,6,40.08394985172366,-41.22082412927581,2024-11-17,2025-01-29T23:54:15.000Z,"(-89.97917175292969, 89.97916412353516)","(-179.9791717529297, 179.9791717529297)"
851ac883fffffff,0.27360746,0.23453338,0.30671713,0.022483539,18,40.84937191799938,-40.72614023839486,2024-11-17,2025-01-29T23:54:15.000Z,"(-89.97917175292969, 89.97916412353516)","(-179.9791717529297, 179.9791717529297)"
851ac887fffffff,0.29638532,0.26372224,0.32311058,0.01879408,18,40.77796100420801,-40.53723411647766,2024-11-17,2025-01-29T23:54:15.000Z,"(-89.97917175292969, 89.97916412353516)","(-179.9791717529297, 179.9791717529297)"
851ac88bfffffff,0.24310535,0.19397333,0.2712218,0.02665317,13,40.757452050745286,-40.90373506544762,2024-11-17,2025-01-29T23:54:15.000Z,"(-89.97917175292969, 89.97916412353516)","(-179.9791717529297, 179.9791717529297)"
851ac88ffffffff,0.27287424,0.2670748,0.27972162,0.003407221,16,40.68629545811477,-40.715084799485,2024-11-17,2025-01-29T23:54:15.000Z,"(-89.97917175292969, 89.97916412353516)","(-179.9791717529297, 179.9791717529297)"
851ac893fffffff,0.2812165,0.24528088,0.36172953,0.037939534,16,41.01234690833606,-40.73724337048625,2024-11-17,2025-01-29T23:54:15.000Z,"(-89.97917175292969, 89.97916412353516)","(-179.9791717529297, 179.9791717529297)"
851ac897fffffff,0.29531664,0.24998921,0.36534098,0.029885057,16,40.94108407852476,-40.547925279570904,2024-11-17,2025-01-29T23:54:15.000Z,"(-89.97917175292969, 89.97916412353516)","(-179.9791717529297, 179.9791717529297)"
851ac89bfffffff,0.24067111,0.23378953,0.24411191,0.005959627,3,40.92037969210179,-40.91520112633025,2024-11-17,2025-01-29T23:54:15.000Z,"(-89.97917175292969, 89.97916412353516)","(-179.9791717529297, 179.9791717529297)"
851ac8a3fffffff,0.24575724,0.21006848,0.28131437,0.024964025,11,40.54277979498051,-40.33825116670321,2024-11-17,2025-01-29T23:54:15.000Z,"(-89.97917175292969, 89.97916412353516)","(-179.9791717529297, 179.9791717529297)"
851ac8a7fffffff,0.21943451,0.20646374,0.23149766,0.012541616,3,40.47042305888178,-40.150075551434874,2024-11-17,2025-01-29T23:54:15.000Z,"(-89.97917175292969, 89.97916412353516)","(-179.9791717529297, 179.9791717529297)"
851ac8abfffffff,0.26942146,0.25570038,0.28254867,0.0073973928,15,40.4514166094133,-40.51598924951676,2024-11-17,2025-01-29T23:54:15.000Z,"(-89.97917175292969, 89.97916412353516)","(-179.9791717529297, 179.9791717529297)"
851ac8affffffff,0.2578697,0.2309494,0.29495677,0.017987672,14,40.37931500962244,-40.328059521879105,2024-11-17,2025-01-29T23:54:15.000Z,"(-89.97917175292969, 89.97916412353516)","(-179.9791717529297, 179.9791717529297)"
851ac8b3fffffff,0.2685046,0.21354899,0.33385357,0.038033925,15,40.70614809101192,-40.3484866724732,2024-11-17,2025-01-29T23:54:15.000Z,"(-89.97917175292969, 89.97916412353516)","(-179.9791717529297, 179.9791717529297)"
851ac8b7fffffff,0.20955084,0.20921655,0.20988514,0.0004727612,2,40.63393435083463,-40.159901797931575,2024-11-17,2025-01-29T23:54:15.000Z,"(-89.97917175292969, 89.97916412353516)","(-179.9791717529297, 179.9791717529297)"
851ac8bbfffffff,0.27506563,0.25365484,0.31015587,0.0140049225,17,40.61473765578981,-40.52658887127884,2024-11-17,2025-01-29T23:54:15.000Z,"(-89.97917175292969, 89.97916412353516)","(-179.9791717529297, 179.9791717529297)"
851ac8d7fffffff,0.1656849,0.1656849,0.16568491,8.603189e-09,3,40.82820631452088,-41.09253576354179,2024-11-17,2025-01-29T23:54:15.000Z,"(-89.97917175292969, 89.97916412353516)","(-179.9791717529297, 179.9791717529297)"
851ac903fffffff,0.24720025,0.24720025,0.24720025,,1,39.92284278950992,-39.569466627880466,2024-11-17,2025-01-29T23:54:15.000Z,"(-89.97917175292969, 89.97916412353516)","(-179.9791717529297, 179.9791717529297)"
851ac907fffffff,0.2066979,0.16273916,0.22409993,0.020171825,10,39.84863655902034,-39.38278652886668,2024-11-17,2025-01-29T23:54:15.000Z,"(-89.97917175292969, 89.97916412353516)","(-179.9791717529297, 179.9791717529297)"
851ac90bfffffff,0.2772924,0.25491542,0.31605157,0.022558253,19,39.832597168877285,-39.74742865498794,2024-11-17,2025-01-29T23:54:15.000Z,"(-89.97917175292969, 89.97916412353516)","(-179.9791717529297, 179.9791717529297)"
851ac90ffffffff,0.24620438,0.21819516,0.3147723,0.04600562,4,39.75864739220509,-39.56097480639348,2024-11-17,2025-01-29T23:54:15.000Z,"(-89.97917175292969, 89.97916412353516)","(-179.9791717529297, 179.9791717529297)"
851ac913fffffff,0.22954746,0.21362808,0.24866974,0.01373711,6,40.08695183955324,-39.577994809892196,2024-11-17,2025-01-29T23:54:15.000Z,"(-89.97917175292969, 89.97916412353516)","(-179.9791717529297, 179.9791717529297)"
851ac917fffffff,0.18430607,0.16853341,0.20231864,0.011384366,10,40.012878219809664,-39.39091112049759,2024-11-17,2025-01-29T23:54:15.000Z,"(-89.97917175292969, 89.97916412353516)","(-179.9791717529297, 179.9791717529297)"
851ac91bfffffff,0.24022177,0.22454682,0.26307827,0.011006953,9,39.996659196449954,-39.75632291172922,2024-11-17,2025-01-29T23:54:15.000Z,"(-89.97917175292969, 89.97916412353516)","(-179.9791717529297, 179.9791717529297)"
851ac923fffffff,0.12506366,0.12506366,0.12506367,1.0536712e-08,2,39.609585761598055,-39.188597624706595,2024-11-17,2025-01-29T23:54:15.000Z,"(-89.97917175292969, 89.97916412353516)","(-179.9791717529297, 179.9791717529297)"
851ac92bfffffff,0.16267474,0.13507313,0.17550403,0.012096815,13,39.51990058976984,-39.36664101782894,2024-11-17,2025-01-29T23:54:15.000Z,"(-89.97917175292969, 89.97916412353516)","(-179.9791717529297, 179.9791717529297)"
851ac92ffffffff,0.14644422,0.13507313,0.15582453,0.00864367,4,39.44504846704462,-39.180941620500874,2024-11-17,2025-01-29T23:54:15.000Z,"(-89.97917175292969, 89.97916412353516)","(-179.9791717529297, 179.9791717529297)"
851ac933fffffff,0.14808722,0.122913584,0.2105282,0.026737157,10,39.77404186665408,-39.19628632343692,2024-11-17,2025-01-29T23:54:15.000Z,"(-89.97917175292969, 89.97916412353516)","(-179.9791717529297, 179.9791717529297)"
851ac937fffffff,0.12506367,0.12506367,0.12506367,,1,39.69906010521138,-39.00996969794828,2024-11-17,2025-01-29T23:54:15.000Z,"(-89.97917175292969, 89.97916412353516)","(-179.9791717529297, 179.9791717529297)"
851ac93bfffffff,0.15019003,0.14177777,0.15938799,0.009525667,4,39.68430979929504,-39.37469656818695,2024-11-17,2025-01-29T23:54:15.000Z,"(-89.97917175292969, 89.97916412353516)","(-179.9791717529297, 179.9791717529297)"
851ac943fffffff,0.28201455,0.24786945,0.3137374,0.021845762,18,39.81545119178853,-40.11118888383712,2024-11-17,2025-01-29T23:54:15.000Z,"(-89.97917175292969, 89.97916412353516)","(-179.9791717529297, 179.9791717529297)"
851ac947fffffff,0.29062763,0.27353764,0.31922406,0.014818328,15,39.742144925073674,-39.924796739196914,2024-11-17,2025-01-29T23:54:15.000Z,"(-89.97917175292969, 89.97916412353516)","(-179.9791717529297, 179.9791717529297)"
851ac94bfffffff,0.2756996,0.23032096,0.37898344,0.049987372,13,39.72454297671113,-40.28772597397144,2024-11-17,2025-01-29T23:54:15.000Z,"(-89.97917175292969, 89.97916412353516)","(-179.9791717529297, 179.9791717529297)"
851ac94ffffffff,0.24753302,0.21316372,0.27207592,0.016070768,18,39.651489622471644,-40.10157046650104,2024-11-17,2025-01-29T23:54:15.000Z,"(-89.97917175292969, 89.97916412353516)","(-179.9791717529297, 179.9791717529297)"
851ac953fffffff,0.30032858,0.27556202,0.32181394,0.014826331,14,39.97932794315012,-40.120848337251964,2024-11-17,2025-01-29T23:54:15.000Z,"(-89.97917175292969, 89.97916412353516)","(-179.9791717529297, 179.9791717529297)"
851ac957fffffff,0.26394016,0.23938814,0.28748512,0.01515574,13,39.906157788929384,-39.934054407804936,2024-11-17,2025-01-29T23:54:15.000Z,"(-89.97917175292969, 89.97916412353516)","(-179.9791717529297, 179.9791717529297)"
851ac95bfffffff,0.2816799,0.24153268,0.38284403,0.034461968,16,39.888367696490334,-40.297744958136285,2024-11-17,2025-01-29T23:54:15.000Z,"(-89.97917175292969, 89.97916412353516)","(-179.9791717529297, 179.9791717529297)"
851ac963fffffff,0.18885583,0.15500276,0.20853944,0.017541068,11,39.5042208856585,-39.7297534505347,2024-11-17,2025-01-29T23:54:15.000Z,"(-89.97917175292969, 89.97916412353516)","(-179.9791717529297, 179.9791717529297)"
851ac967fffffff,0.18697149,0.15557876,0.19609906,0.009800509,16,39.43000813060372,-39.54409932026154,2024-11-17,2025-01-29T23:54:15.000Z,"(-89.97917175292969, 89.97916412353516)","(-179.9791717529297, 179.9791717529297)"
851ac96bfffffff,0.20520604,0.196544,0.22915545,0.01015058,10,39.41387113471092,-39.906399117293994,2024-11-17,2025-01-29T23:54:15.000Z,"(-89.97917175292969, 89.97916412353516)","(-179.9791717529297, 179.9791717529297)"
851ac96ffffffff,0.19641562,0.19003193,0.20304765,0.004895531,7,39.33991192269364,-39.72097202350663,2024-11-17,2025-01-29T23:54:15.000Z,"(-89.97917175292969, 89.97916412353516)","(-179.9791717529297, 179.9791717529297)"
851ac973fffffff,0.2688989,0.23018385,0.31883755,0.034081433,15,39.66845018449539,-39.73857224814789,2024-11-17,2025-01-29T23:54:15.000Z,"(-89.97917175292969, 89.97916412353516)","(-179.9791717529297, 179.9791717529297)"
851ac977fffffff,0.18491384,0.14272515,0.20275822,0.021740232,9,39.59436828930744,-39.55251911375797,2024-11-17,2025-01-29T23:54:15.000Z,"(-89.97917175292969, 89.97916412353516)","(-179.9791717529297, 179.9791717529297)"
851ac97bfffffff,0.23284388,0.19777727,0.27386102,0.023254447,15,39.578048492691025,-39.91557839220011,2024-11-17,2025-01-29T23:54:15.000Z,"(-89.97917175292969, 89.97916412353516)","(-179.9791717529297, 179.9791717529297)"
851ac983fffffff,0.21529728,0.21529727,0.21529728,1.0536712e-08,2,40.34109568959545,-39.407265088587984,2024-11-17,2025-01-29T23:54:15.000Z,"(-89.97917175292969, 89.97916412353516)","(-179.9791717529297, 179.9791717529297)"
851ac98bfffffff,0.2162034,0.19722292,0.24151522,0.014522754,15,40.25097190902944,-39.58655958608367,2024-11-17,2025-01-29T23:54:15.000Z,"(-89.97917175292969, 89.97916412353516)","(-179.9791717529297, 179.9791717529297)"
851ac98ffffffff,0.195575,0.19269507,0.20509513,0.0041329735,10,40.177032140789834,-39.39907056559655,2024-11-17,2025-01-29T23:54:15.000Z,"(-89.97917175292969, 89.97916412353516)","(-179.9791717529297, 179.9791717529297)"
851ac993fffffff,0.18292071,0.16842653,0.2075078,0.018655285,4,40.5050662426114,-39.41549491582435,2024-11-17,2025-01-29T23:54:15.000Z,"(-89.97917175292969, 89.97916412353516)","(-179.9791717529297, 179.9791717529297)"
851ac997fffffff,0.17585044,0.16251732,0.19967185,0.017617192,4,40.43100138506633,-39.22737228260685,2024-11-17,2025-01-29T23:54:15.000Z,"(-89.97917175292969, 89.97916412353516)","(-179.9791717529297, 179.9791717529297)"
851ac99bfffffff,0.20336315,0.19571665,0.21644455,0.009048062,7,40.41490037323913,-39.595161192112954,2024-11-17,2025-01-29T23:54:15.000Z,"(-89.97917175292969, 89.97916412353516)","(-179.9791717529297, 179.9791717529297)"
851ac9a3fffffff,0.1702526,0.16728239,0.17619304,0.0051445654,3,40.027976530906436,-39.024639558760484,2024-11-17,2025-01-29T23:54:15.000Z,"(-89.97917175292969, 89.97916412353516)","(-179.9791717529297, 179.9791717529297)"
851ac9a7fffffff,0.17347984,0.15458132,0.1802159,0.010754367,5,39.95286346737608,-38.83770502022794,2024-11-17,2025-01-29T23:54:15.000Z,"(-89.97917175292969, 89.97916412353516)","(-179.9791717529297, 179.9791717529297)"
851ac9abfffffff,0.20010018,0.18583556,0.20604755,0.00684844,9,39.93841412567594,-39.20400792629144,2024-11-17,2025-01-29T23:54:15.000Z,"(-89.97917175292969, 89.97916412353516)","(-179.9791717529297, 179.9791717529297)"
851ac9affffffff,0.14299354,0.12832862,0.15368994,0.013399022,5,39.86356094027554,-39.01728893808351,2024-11-17,2025-01-29T23:54:15.000Z,"(-89.97917175292969, 89.97916412353516)","(-179.9791717529297, 179.9791717529297)"
851ac9b3fffffff,0.18648376,0.17356488,0.197099,0.008163016,9,40.19230422959952,-39.03202176198082,2024-11-17,2025-01-29T23:54:15.000Z,"(-89.97917175292969, 89.97916412353516)","(-179.9791717529297, 179.9791717529297)"
851ac9bbfffffff,0.19283736,0.1903102,0.19536453,0.0035739578,2,40.10269989028833,-39.21176264466277,2024-11-17,2025-01-29T23:54:15.000Z,"(-89.97917175292969, 89.97916412353516)","(-179.9791717529297, 179.9791717529297)"
851ac9c3fffffff,0.27539083,0.24050725,0.30702907,0.02145221,16,40.233922279952736,-39.952688718584525,2024-11-17,2025-01-29T23:54:15.000Z,"(-89.97917175292969, 89.97916412353516)","(-179.9791717529297, 179.9791717529297)"
851ac9c7fffffff,0.24164931,0.2114534,0.2590078,0.011965449,17,40.160633633077495,-39.76525526110034,2024-11-17,2025-01-29T23:54:15.000Z,"(-89.97917175292969, 89.97916412353516)","(-179.9791717529297, 179.9791717529297)"
851ac9cbfffffff,0.3130864,0.2733908,0.33754918,0.015202718,17,40.14311724926278,-40.130549089369254,2024-11-17,2025-01-29T23:54:15.000Z,"(-89.97917175292969, 89.97916412353516)","(-179.9791717529297, 179.9791717529297)"
851ac9cffffffff,0.27204317,0.23241077,0.32790563,0.022379197,17,40.070084449401996,-39.94335164966973,2024-11-17,2025-01-29T23:54:15.000Z,"(-89.97917175292969, 89.97916412353516)","(-179.9791717529297, 179.9791717529297)"
851ac9d3fffffff,0.24342494,0.21526763,0.26290292,0.014432479,14,40.397668662602086,-39.96206587051313,2024-11-17,2025-01-29T23:54:15.000Z,"(-89.97917175292969, 89.97916412353516)","(-179.9791717529297, 179.9791717529297)"
851ac9d7fffffff,0.23586251,0.21526764,0.2540407,0.019499168,3,40.32451785308592,-39.774225947906146,2024-11-17,2025-01-29T23:54:15.000Z,"(-89.97917175292969, 89.97916412353516)","(-179.9791717529297, 179.9791717529297)"
851ac9dbfffffff,0.26705888,0.22997268,0.30842638,0.021469874,16,40.306816491247815,-40.14029140505368,2024-11-17,2025-01-29T23:54:15.000Z,"(-89.97917175292969, 89.97916412353516)","(-179.9791717529297, 179.9791717529297)"
851aca27fffffff,0.15643395,0.15547767,0.15834652,0.001656329,3,39.40956683334469,-41.53171185162497,2024-11-17,2025-01-29T23:54:15.000Z,"(-89.97917175292969, 89.97916412353516)","(-179.9791717529297, 179.9791717529297)"
851aca2ffffffff,0.15691209,0.15547766,0.1583465,0.0020285805,2,39.31703785965335,-41.704139880571304,2024-11-17,2025-01-29T23:54:15.000Z,"(-89.97917175292969, 89.97916412353516)","(-179.9791717529297, 179.9791717529297)"
851aca37fffffff,0.25877512,0.25077826,0.2747688,0.013850946,3,39.572813289436475,-41.54427776984746,2024-11-17,2025-01-29T23:54:15.000Z,"(-89.97917175292969, 89.97916412353516)","(-179.9791717529297, 179.9791717529297)"
851aca87fffffff,0.12636736,0.12088896,0.13125916,0.0038656802,5,40.13211141735018,-41.76922093997002,2024-11-17,2025-01-29T23:54:15.000Z,"(-89.97917175292969, 89.97916412353516)","(-179.9791717529297, 179.9791717529297)"
851acaaffffffff,0.30626386,0.2684695,0.35892504,0.03593381,5,39.73597805926568,-41.556896780436624,2024-11-17,2025-01-29T23:54:15.000Z,"(-89.97917175292969, 89.97916412353516)","(-179.9791717529297, 179.9791717529297)"
851acab3fffffff,0.12924452,0.120921776,0.13401768,0.0052990518,5,40.06205212063773,-41.58229542539225,2024-11-17,2025-01-29T23:54:15.000Z,"(-89.97917175292969, 89.97916412353516)","(-179.9791717529297, 179.9791717529297)"
851acab7fffffff,0.21066539,0.18674219,0.22893472,0.015348011,7,39.991597690634336,-41.39550275679875,2024-11-17,2025-01-29T23:54:15.000Z,"(-89.97917175292969, 89.97916412353516)","(-179.9791717529297, 179.9791717529297)"
851acabbfffffff,0.120921776,0.120921776,0.120921776,,1,39.96926775649908,-41.75609450738746,2024-11-17,2025-01-29T23:54:15.000Z,"(-89.97917175292969, 89.97916412353516)","(-179.9791717529297, 179.9791717529297)"
851acb03fffffff,0.25673276,0.22532502,0.29224566,0.021816395,17,39.28690898838049,-40.80271519525921,2024-11-17,2025-01-29T23:54:15.000Z,"(-89.97917175292969, 89.97916412353516)","(-179.9791717529297, 179.9791717529297)"
851acb07fffffff,0.29578453,0.25937715,0.36456066,0.03169324,17,39.21446790857752,-40.61768242820846,2024-11-17,2025-01-29T23:54:15.000Z,"(-89.97917175292969, 89.97916412353516)","(-179.9791717529297, 179.9791717529297)"
851acb0bfffffff,0.21914764,0.20689438,0.23866674,0.011626183,14,39.19529172794918,-40.976512588406464,2024-11-17,2025-01-29T23:54:15.000Z,"(-89.97917175292969, 89.97916412353516)","(-179.9791717529297, 179.9791717529297)"
851acb0ffffffff,0.28870404,0.24914731,0.32706517,0.025981076,18,39.123097030042764,-40.791726822082005,2024-11-17,2025-01-29T23:54:15.000Z,"(-89.97917175292969, 89.97916412353516)","(-179.9791717529297, 179.9791717529297)"
851acb13fffffff,0.24760501,0.23130529,0.26815435,0.010719477,16,39.45064428445894,-40.8137499843627,2024-11-17,2025-01-29T23:54:15.000Z,"(-89.97917175292969, 89.97916412353516)","(-179.9791717529297, 179.9791717529297)"
851acb17fffffff,0.2989728,0.25821075,0.35360345,0.02188246,19,39.378340954171904,-40.62832208385257,2024-11-17,2025-01-29T23:54:15.000Z,"(-89.97917175292969, 89.97916412353516)","(-179.9791717529297, 179.9791717529297)"
851acb1bfffffff,0.22137362,0.20302846,0.23682581,0.008012032,18,39.35896523635634,-40.98789482007239,2024-11-17,2025-01-29T23:54:15.000Z,"(-89.97917175292969, 89.97916412353516)","(-179.9791717529297, 179.9791717529297)"
851acb23fffffff,0.27214545,0.25191537,0.30146575,0.013013757,16,38.977560269956676,-40.42259834259038,2024-11-17,2025-01-29T23:54:15.000Z,"(-89.97917175292969, 89.97916412353516)","(-179.9791717529297, 179.9791717529297)"
851acb27fffffff,0.26110423,0.22014089,0.28370807,0.018809566,17,38.90422069136239,-40.23826292347606,2024-11-17,2025-01-29T23:54:15.000Z,"(-89.97917175292969, 89.97916412353516)","(-179.9791717529297, 179.9791717529297)"