datetime,latitude,longitude,h3_index,ssh_karin,ssha_karin,geoid,internal_tide_hret,distance_to_coast,rain_flag,dynamic_ice_flag,gradient_magnitude,vorticity,eddy_type,sea_state_bias_cor,wind_speed_karin,mean_wave_direction,mean_wave_period_t02,anomaly_cluster_id,shark_activity_score
2025-10-01T12:28:48+00:00,-77.0537,96.46907,85f188c3fffffff,0.0,0.0,-8.4361,0.0,-1.055e+06,0,3,0.0,0.0,Neutral,0.0018853814,7.0990367,169.03346,7.488392,10,0.5
2025-10-01T12:28:48+00:00,-77.07162,96.46882,85f188c3fffffff,0.0,0.0,-8.4749,0.0,-1.056e+06,0,3,0.0,0.0,Neutral,0.0037779876,5.091799,138.47446,5.5088816,10,0.5
2025-10-01T12:28:48+00:00,-77.08953,96.46856,85f188c3fffffff,0.0,0.0,-8.5136,0.0,-1.058e+06,0,3,0.0,0.0,Neutral,0.000366958,4.9698434,105.35879,5.423996,10,0.5
2025-10-01T12:28:48+00:00,-77.107445,96.46829,85f188c3fffffff,0.0,0.0,-8.5515,0.0,-1.059e+06,0,3,0.0,0.0,Neutral,0.0040723826,6.388361,159.91019,5.859809,10,0.5
2025-10-01T12:28:48+00:00,-77.12536,96.46803,85f188c3fffffff,0.0,0.0,-8.5886,0.0,-1.062e+06,0,3,0.0,0.0,Neutral,0.004622941,3.7307303,143.69513,7.721467,10,0.5
2025-10-01T12:28:48+00:00,-77.14327,96.46777,85f188d7fffffff,0.0,0.0,-8.6246,0.0,-1.063e+06,0,3,0.0,0.0,Neutral,0.0032247277,5.72031,101.71883,9.593306,10,0.5
2025-10-01T12:28:48+00:00,-77.161194,96.467514,85f188d7fffffff,0.0,0.0,-8.6598,0.0,-1.064e+06,0,3,0.0,0.0,Neutral,0.0012168536,6.318193,123.97927,7.878026,10,0.5
2025-10-01T12:28:48+00:00,-77.17911,96.46725,85f188d7fffffff,0.0,0.0,-8.6943,0.0,-1.065e+06,0,3,0.0,0.0,Neutral,0.0012638007,6.9217978,113.302284,6.708044,10,0.5
2025-10-01T12:28:48+00:00,-77.19702,96.46699,85f188d7fffffff,0.0,0.0,-8.7286,0.0,-1.066e+06,0,3,0.0,0.0,Neutral,0.0036933848,5.7030993,126.57388,6.384012,10,0.5
2025-10-01T12:28:48+00:00,-77.214935,96.46672,85f188d7fffffff,0.0,0.0,-8.7628,0.0,-1.068e+06,0,3,0.0,0.0,Neutral,0.0049604666,3.9234135,124.088264,5.9518065,10,0.5
2025-10-01T12:28:48+00:00,-77.23285,96.46645,85f188d7fffffff,0.0,0.0,-8.7968,0.0,-1.069e+06,0,3,0.0,0.0,Neutral,0.00072212634,7.318324,130.61563,7.5720572,10,0.5
2025-10-01T12:28:48+00:00,-77.25076,96.46619,85f188d7fffffff,0.0,0.0,-8.8305,0.0,-1.07e+06,0,3,0.0,0.0,Neutral,0.00033890325,7.82146,129.61652,9.596319,10,0.5
2025-10-01T12:28:48+00:00,-77.26868,96.46592,85f188d7fffffff,0.0,0.0,-8.8633,0.0,-1.072e+06,0,3,0.0,0.0,Neutral,0.004673806,5.9474344,102.95586,5.4914303,10,0.5
2025-10-01T12:28:48+00:00,-77.2866,96.46565,85f1889bfffffff,0.0,0.0,-8.8947,0.0,-1.073e+06,0,3,0.0,0.0,Neutral,0.004491421,3.6992536,98.788574,7.6327314,10,0.5
2025-10-01T12:28:48+00:00,-77.30451,96.465385,85f1889bfffffff,0.0,0.0,-8.9243,0.0,-1.074e+06,0,3,0.0,0.0,Neutral,0.0044333423,7.3422403,101.070755,7.1978593,10,0.5
2025-10-01T12:28:48+00:00,-77.322426,96.46512,85f1889bfffffff,0.0,0.0,-8.9522,0.0,-1.075e+06,0,3,0.0,0.0,Neutral,0.00038669605,3.30485,145.74158,5.410799,10,0.5
2025-10-01T12:28:48+00:00,-77.34034,96.46484,85f1889bfffffff,0.0,0.0,-8.9786,0.0,-1.077e+06,0,3,0.0,0.0,Neutral,0.0014737485,3.6491508,110.5988,8.77001,10,0.5
2025-10-01T12:28:48+00:00,-77.35825,96.46458,85f1889bfffffff,0.0,0.0,-9.0041,0.0,-1.078e+06,0,3,0.0,0.0,Neutral,0.0024727664,7.2401605,145.47987,7.0243545,10,0.5
2025-10-01T12:28:48+00:00,-77.37617,96.4643,85f1889bfffffff,0.0,0.0,-9.0292,0.0,-1.08e+06,0,3,0.0,0.0,Neutral,0.00063625776,7.5829825,123.22326,8.334436,10,0.5
2025-10-01T12:28:48+00:00,-77.39408,96.464035,85f1889bfffffff,0.0,0.0,-9.0544,0.0,-1.082e+06,0,3,0.0,0.0,Neutral,0.0014255353,3.389143,167.95494,6.490799,10,0.5
2025-10-01T12:28:48+00:00,-77.411995,96.46376,85f1889bfffffff,0.0,0.0,-9.0796,0.0,-1.083e+06,0,3,0.0,0.0,Neutral,0.0035968593,7.503737,117.5458,5.3437285,10,0.5
2025-10-01T12:28:48+00:00,-77.42991,96.463486,85f1889bfffffff,0.0,0.0,-9.1047,0.0,-1.084e+06,0,3,0.0,0.0,Neutral,0.0017804735,5.9664693,171.76736,9.650154,10,0.5
2025-10-01T12:28:48+00:00,-77.44783,96.46321,85f18893fffffff,0.0,0.0,-9.129,0.0,-1.086e+06,0,3,0.0,0.0,Neutral,0.0006921078,2.3293645,162.16032,8.518268,10,0.5
2025-10-01T12:28:48+00:00,-77.465744,96.46294,85f18893fffffff,0.0,0.0,-9.1521,0.0,-1.087e+06,0,3,0.0,0.0,Neutral,0.0011452937,7.891099,93.32618,9.106951,10,0.5
2025-10-01T12:28:48+00:00,-77.48366,96.46266,85f18893fffffff,0.0,0.0,-9.1735,0.0,-1.088e+06,0,3,0.0,0.0,Neutral,0.00013791061,5.6737475,156.20651,8.503883,10,0.5
2025-10-01T12:28:48+00:00,-77.50157,96.46239,85f18893fffffff,0.0,0.0,-9.1933,0.0,-1.089e+06,0,3,0.0,0.0,Neutral,0.0043994994,3.7756135,99.45809,9.278419,10,0.5
2025-10-01T12:28:48+00:00,-77.519485,96.462105,85f18893fffffff,0.0,0.0,-9.2117,0.0,-1.091e+06,0,3,0.0,0.0,Neutral,0.0014331763,2.9252076,117.69807,5.78509,10,0.5
2025-10-01T12:28:48+00:00,-77.5374,96.46183,85f18893fffffff,0.0,0.0,-9.2292,0.0,-1.092e+06,0,3,0.0,0.0,Neutral,0.004348246,2.4250953,151.59421,9.066286,10,0.5
2025-10-01T12:28:48+00:00,-77.55531,96.46155,85f18893fffffff,0.0,0.0,-9.2464,0.0,-1.093e+06,0,3,0.0,0.0,Neutral,0.0037539538,2.8076885,136.503,9.669855,10,0.5
2025-10-01T12:28:48+00:00,-77.57323,96.46127,85f18893fffffff,0.0,0.0,-9.2635,0.0,-1.094e+06,0,3,0.0,0.0,Neutral,0.0026127542,3.582441,140.89848,6.9421134,10,0.5
2025-10-01T12:28:48+00:00,-77.59114,96.46099,85f18893fffffff,0.0,0.0,-9.2807,0.0,-1.096e+06,0,3,0.0,0.0,Neutral,0.002033116,7.1197114,110.46572,9.405972,10,0.5
2025-10-01T12:28:48+00:00,-77.609055,96.46071,85f18c2ffffffff,0.0,0.0,-9.2974,0.0,-1.098e+06,0,3,0.0,0.0,Neutral,0.0023781504,2.5725758,99.49577,6.8165364,10,0.5
2025-10-01T12:28:48+00:00,-77.62697,96.46043,85f18c2ffffffff,0.0,0.0,-9.3132,0.0,-1.1e+06,0,3,0.0,0.0,Neutral,0.003590216,2.6678355,175.86533,8.751362,10,0.5
2025-10-01T12:28:48+00:00,-77.64488,96.460144,85f18c2ffffffff,0.0,0.0,-9.3276,0.0,-1.101e+06,0,3,0.0,0.0,Neutral,0.00020072969,3.8484313,125.395546,9.51969,10,0.5
2025-10-01T12:28:48+00:00,-77.662796,96.45986,85f18c2ffffffff,0.0,0.0,-9.34,0.0,-1.102e+06,0,3,0.0,0.0,Neutral,0.0019889495,3.7941203,104.62342,7.983937,10,0.5
2025-10-01T12:28:48+00:00,-77.68072,96.45957,85f18c2ffffffff,0.0,0.0,-9.3506,0.0,-1.103e+06,0,3,0.0,0.0,Neutral,0.0038205676,3.8667223,92.955414,6.5588756,10,0.5
2025-10-01T12:28:48+00:00,-77.69863,96.45929,85f18c2ffffffff,0.0,0.0,-9.3597,0.0,-1.105e+06,0,3,0.0,0.0,Neutral,0.0042962283,3.6658685,126.76846,9.744691,10,0.5
2025-10-01T12:28:48+00:00,-77.716545,96.459,85f18c2ffffffff,0.0,0.0,-9.3678,0.0,-1.106e+06,0,3,0.0,0.0,Neutral,0.0031504596,4.737871,102.210785,6.1772056,10,0.5
2025-10-01T12:28:48+00:00,-77.73446,96.45872,85f18c2ffffffff,0.0,0.0,-9.3753,0.0,-1.107e+06,0,3,0.0,0.0,Neutral,0.002889636,7.05636,94.10574,7.5307126,10,0.5
2025-10-01T12:28:48+00:00,-77.75237,96.45843,85f18c27fffffff,0.0,0.0,-9.3827,0.0,-1.108e+06,0,3,0.0,0.0,Neutral,0.0021180913,7.4282026,154.9683,8.342336,10,0.5
2025-10-01T12:28:48+00:00,-77.77029,96.45814,85f18c27fffffff,0.0,0.0,-9.3899,0.0,-1.11e+06,0,3,0.0,0.0,Neutral,0.0021162974,6.9533496,162.39815,7.9973507,10,0.5
2025-10-01T12:28:48+00:00,-77.7882,96.45785,85f18c27fffffff,0.0,0.0,-9.3967,0.0,-1.111e+06,0,3,0.0,0.0,Neutral,0.0008332747,6.539254,135.02806,8.433454,10,0.5
2025-10-01T12:28:48+00:00,-77.806114,96.45756,85f18c27fffffff,0.0,0.0,-9.4025,0.0,-1.112e+06,0,3,0.0,0.0,Neutral,0.0007533582,3.8193402,105.0632,7.7241516,10,0.5
2025-10-01T12:28:48+00:00,-77.82403,96.45727,85f18c27fffffff,0.0,0.0,-9.407,0.0,-1.113e+06,0,3,0.0,0.0,Neutral,0.0016555284,7.8853292,138.50858,5.618612,10,0.5
2025-10-01T12:28:48+00:00,-77.84194,96.45698,85f18c27fffffff,0.0,0.0,-9.4099,0.0,-1.116e+06,0,3,0.0,0.0,Neutral,0.00026160188,3.6310146,162.07318,9.532665,10,0.5
2025-10-01T12:28:48+00:00,-77.859856,96.45668,85f18c27fffffff,0.0,0.0,-9.4113,0.0,-1.117e+06,0,3,0.0,0.0,Neutral,0.00013048851,4.5433054,147.39738,5.294048,10,0.5
2025-10-01T12:28:48+00:00,-77.87777,96.45639,85f18c27fffffff,0.0,0.0,-9.4116,0.0,-1.119e+06,0,3,0.0,0.0,Neutral,0.0022689942,2.9135888,133.44771,6.2074513,10,0.5
2025-10-01T12:28:48+00:00,-77.89568,96.45609,85f18c27fffffff,0.0,0.0,-9.4113,0.0,-1.12e+06,0,3,0.0,0.0,Neutral,0.00064084603,7.835896,125.0689,9.961341,10,0.5
2025-10-01T12:28:48+00:00,-77.9136,96.455795,85f18dcbfffffff,0.0,0.0,-9.4108,0.0,-1.121e+06,0,3,0.0,0.0,Neutral,0.002859039,3.6531324,94.13852,6.38318,10,0.5
2025-10-01T12:28:48+00:00,-77.93151,96.455505,85f18dcbfffffff,0.0,0.0,-9.4103,0.0,-1.122e+06,0,3,0.0,0.0,Neutral,0.002799175,5.649319,159.82387,5.5844946,10,0.5
2025-10-01T12:28:48+00:00,-77.949425,96.45521,85f18dcbfffffff,0.0,0.0,-9.4099,0.0,-1.124e+06,0,3,0.0,0.0,Neutral,0.001813646,2.1568933,134.56578,8.432933,10,0.5
2025-10-01T12:28:48+00:00,-77.96734,96.45491,85f18dcbfffffff,0.0,0.0,-9.4092,0.0,-1.125e+06,0,3,0.0,0.0,Neutral,0.0013554294,2.6560397,143.82538,8.982985,10,0.5
2025-10-01T12:28:48+00:00,-77.98525,96.45461,85f18dcbfffffff,0.0,0.0,-9.4081,0.0,-1.126e+06,0,3,0.0,0.0,Neutral,0.0024719576,7.673285,133.761,9.727994,10,0.5
2025-10-01T12:28:48+00:00,-78.00317,96.45431,85f18dcbfffffff,0.0,0.0,-9.406,0.0,-1.128e+06,0,3,0.0,0.0,Neutral,0.0039273906,6.575129,111.79879,5.0299454,10,0.5
2025-10-01T12:28:48+00:00,-78.02108,96.45401,85f18dcbfffffff,0.0,0.0,-9.4031,0.0,-1.129e+06,0,3,0.0,0.0,Neutral,0.0047514825,4.357519,115.08959,7.258943,10,0.5
2025-10-01T12:28:48+00:00,-78.038994,96.453705,85f18dcbfffffff,0.0,0.0,-9.3994,0.0,-1.13e+06,0,3,0.0,0.0,Neutral,0.0017839391,2.2312489,105.35067,5.47249,10,0.5
2025-10-01T12:28:48+00:00,-78.05691,96.45341,85f18dc3fffffff,0.0,0.0,-9.3951,0.0,-1.132e+06,0,3,0.0,0.0,Neutral,0.004261987,7.923626,134.46043,9.140325,10,0.5
2025-10-01T12:28:48+00:00,-78.07482,96.4531,85f18dc3fffffff,0.0,0.0,-9.3905,0.0,-1.133e+06,0,3,0.0,0.0,Neutral,0.00011914374,7.9520416,105.23258,5.632514,10,0.5
2025-10-01T12:28:48+00:00,-78.092735,96.4528,85f18dc3fffffff,0.0,0.0,-9.3858,0.0,-1.136e+06,0,3,0.0,0.0,Neutral,0.003591198,5.587185,173.70274,7.6442976,10,0.5
2025-10-01T12:28:48+00:00,-78.11065,96.45249,85f18dc3fffffff,0.0,0.0,-9.3809,0.0,-1.137e+06,0,3,0.0,0.0,Neutral,0.004621884,7.081841,164.31207,5.4141603,10,0.5
2025-10-01T12:28:48+00:00,-78.12856,96.45219,85f18dc3fffffff,0.0,0.0,-9.3758,0.0,-1.138e+06,0,3,0.0,0.0,Neutral,0.0025687204,7.7742906,110.809265,5.642639,10,0.5
2025-10-01T12:28:48+00:00,-78.14648,96.45188,85f18dc3fffffff,0.0,0.0,-9.3701,0.0,-1.14e+06,0,3,0.0,0.0,Neutral,0.0016304401,5.5830755,142.56938,7.552212,10,0.5
2025-10-01T12:28:48+00:00,-78.16439,96.45157,85f18dc3fffffff,0.0,0.0,-9.3637,0.0,-1.141e+06,0,3,0.0,0.0,Neutral,0.0020244261,5.5734143,179.36868,8.273136,10,0.5
2025-10-01T12:28:48+00:00,-78.182304,96.45126,85f18dc3fffffff,0.0,0.0,-9.3565,0.0,-1.142e+06,0,3,0.0,0.0,Neutral,0.0006142298,2.287333,118.21276,5.6364956,10,0.5
2025-10-01T12:28:48+00:00,-78.20022,96.45095,85f18dc3fffffff,0.0,0.0,-9.3487,0.0,-1.144e+06,0,3,0.0,0.0,Neutral,0.0041432846,6.861235,151.61443,6.282455,10,0.5
2025-10-01T12:28:48+00:00,-78.21813,96.45064,85f18dd7fffffff,0.0,0.0,-9.3407,0.0,-1.145e+06,0,3,0.0,0.0,Neutral,0.0009430603,5.0279627,166.46808,8.053223,10,0.5
2025-10-01T12:28:48+00:00,-78.236046,96.45033,85f18dd7fffffff,0.0,0.0,-9.3329,0.0,-1.146e+06,0,3,0.0,0.0,Neutral,0.0010085105,7.2319384,101.74863,9.513656,10,0.5
2025-10-01T12:28:48+00:00,-78.25396,96.45002,85f18dd7fffffff,0.0,0.0,-9.3254,0.0,-1.148e+06,0,3,0.0,0.0,Neutral,0.0042627645,4.5591693,137.95259,9.865496,10,0.5
2025-10-01T12:28:48+00:00,-78.27187,96.4497,85f18dd7fffffff,0.0,0.0,-9.3184,0.0,-1.149e+06,0,3,0.0,0.0,Neutral,0.003096959,6.3435597,126.684204,6.791437,10,0.5
2025-10-01T12:28:48+00:00,-77.05375,96.54888,85f188c3fffffff,0.0,0.0,-8.5164,0.0,-1.057e+06,0,3,0.0,0.0,Neutral,0.00090271415,7.5133457,95.3837,5.813384,10,0.5
2025-10-01T12:28:48+00:00,-77.07166,96.54874,85f188c3fffffff,0.0,0.0,-8.5558,0.0,-1.058e+06,0,3,0.0,0.0,Neutral,0.001990104,5.782424,167.97618,8.564461,10,0.5
2025-10-01T12:28:48+00:00,-77.08958,96.54859,85f188c3fffffff,0.0,0.0,-8.595,0.0,-1.059e+06,0,3,0.0,0.0,Neutral,0.003880239,7.6285954,165.39546,8.503915,10,0.5
2025-10-01T12:28:48+00:00,-77.10749,96.54845,85f188c3fffffff,0.0,0.0,-8.6335,0.0,-1.061e+06,0,3,0.0,0.0,Neutral,0.00031434986,6.8383036,155.70361,6.678713,10,0.5
2025-10-01T12:28:48+00:00,-77.125404,96.5483,85f188c3fffffff,0.0,0.0,-8.6711,0.0,-1.063e+06,0,3,0.0,0.0,Neutral,0.00031962595,5.5839624,152.33499,7.5849857,10,0.5
2025-10-01T12:28:48+00:00,-77.143326,96.54815,85f188d7fffffff,0.0,0.0,-8.7076,0.0,-1.064e+06,0,3,0.0,0.0,Neutral,0.0004297145,5.3571076,169.8032,8.574814,10,0.5
2025-10-01T12:28:48+00:00,-77.16124,96.548004,85f188d7fffffff,0.0,0.0,-8.7431,0.0,-1.066e+06,0,3,0.0,0.0,Neutral,0.0008411534,7.0762177,124.120445,5.1719985,10,0.5
2025-10-01T12:28:48+00:00,-77.17915,96.54785,85f188d7fffffff,0.0,0.0,-8.778,0.0,-1.067e+06,0,3,0.0,0.0,Neutral,0.0046260636,2.665698,145.39493,6.0590124,10,0.5
2025-10-01T12:28:48+00:00,-77.19707,96.54771,85f188d7fffffff,0.0,0.0,-8.8125,0.0,-1.068e+06,0,3,0.0,0.0,Neutral,0.0018139957,4.7942357,140.2899,6.9854937,10,0.5
2025-10-01T12:28:48+00:00,-77.21498,96.547554,85f188d7fffffff,0.0,0.0,-8.8468,0.0,-1.069e+06,0,3,0.0,0.0,Neutral,0.00069679593,7.3016934,126.68731,8.235442,10,0.5
2025-10-01T12:28:48+00:00,-77.232895,96.5474,85f188d7fffffff,0.0,0.0,-8.8811,0.0,-1.07e+06,0,3,0.0,0.0,Neutral,0.0006519326,6.769553,158.79884,9.499153,10,0.5
2025-10-01T12:28:48+00:00,-77.25081,96.54726,85f188d7fffffff,0.0,0.0,-8.9149,0.0,-1.072e+06,0,3,0.0,0.0,Neutral,0.0023023488,2.2750385,126.606285,5.5521994,10,0.5
2025-10-01T12:28:48+00:00,-77.26872,96.547104,85f188d7fffffff,0.0,0.0,-8.9478,0.0,-1.073e+06,0,3,0.0,0.0,Neutral,0.0040500383,3.2797363,158.69508,8.743638,10,0.5
2025-10-01T12:28:48+00:00,-77.286644,96.54695,85f1889bfffffff,0.0,0.0,-8.9795,0.0,-1.074e+06,0,3,0.0,0.0,Neutral,0.0017644778,7.1150723,94.52392,5.379211,10,0.5
2025-10-01T12:28:48+00:00,-77.30456,96.5468,85f1889bfffffff,0.0,0.0,-9.0095,0.0,-1.076e+06,0,3,0.0,0.0,Neutral,0.0005381924,3.9544096,164.1802,8.132086,10,0.5
2025-10-01T12:28:48+00:00,-77.32247,96.546646,85f1889bfffffff,0.0,0.0,-9.0378,0.0,-1.077e+06,0,3,0.0,0.0,Neutral,0.003658042,3.7270334,155.92195,7.3339806,10,0.5
2025-10-01T12:28:48+00:00,-77.340385,96.54649,85f1889bfffffff,0.0,0.0,-9.0647,0.0,-1.078e+06,0,3,0.0,0.0,Neutral,7.184265e-05,5.545272,151.90132,8.22757,10,0.5
2025-10-01T12:28:48+00:00,-77.3583,96.54634,85f1889bfffffff,0.0,0.0,-9.0907,0.0,-1.079e+06,0,3,0.0,0.0,Neutral,0.004497696,2.9649322,179.79703,7.202297,10,0.5
2025-10-01T12:28:48+00:00,-77.37621,96.54619,85f1889bfffffff,0.0,0.0,-9.1163,0.0,-1.082e+06,0,3,0.0,0.0,Neutral,0.00353336,5.5705123,109.27634,6.417739,10,0.5
2025-10-01T12:28:48+00:00,-77.39413,96.546036,85f1889bfffffff,0.0,0.0,-9.1419,0.0,-1.083e+06,0,3,0.0,0.0,Neutral,0.0016479973,6.3425264,128.96149,5.4744987,10,0.5
2025-10-01T12:28:48+00:00,-77.41204,96.54588,85f1889bfffffff,0.0,0.0,-9.1675,0.0,-1.084e+06,0,3,0.0,0.0,Neutral,0.00035423305,2.6826632,124.7986,6.1494184,10,0.5
2025-10-01T12:28:48+00:00,-77.42996,96.54573,85f1889bfffffff,0.0,0.0,-9.1929,0.0,-1.086e+06,0,3,0.0,0.0,Neutral,0.0011860325,3.9889572,91.31968,6.59542,10,0.5
2025-10-01T12:28:48+00:00,-77.447876,96.54557,85f18893fffffff,0.0,0.0,-9.2176,0.0,-1.087e+06,0,3,0.0,0.0,Neutral,0.00082494714,7.5483127,121.23004,8.530419,10,0.5
2025-10-01T12:28:48+00:00,-77.46579,96.54542,85f18893fffffff,0.0,0.0,-9.2411,0.0,-1.088e+06,0,3,0.0,0.0,Neutral,0.0013044123,6.152189,172.53407,8.586278,10,0.5
2025-10-01T12:28:48+00:00,-77.4837,96.54526,85f18893fffffff,0.0,0.0,-9.263,0.0,-1.09e+06,0,3,0.0,0.0,Neutral,0.004451899,6.810184,163.1948,7.869576,10,0.5
2025-10-01T12:28:48+00:00,-77.50162,96.545105,85f18893fffffff,0.0,0.0,-9.2833,0.0,-1.091e+06,0,3,0.0,0.0,Neutral,0.004396965,7.06842,124.29048,6.683769,10,0.5
2025-10-01T12:28:48+00:00,-77.51953,96.544945,85f18893fffffff,0.0,0.0,-9.3023,0.0,-1.092e+06,0,3,0.0,0.0,Neutral,0.0011748195,4.5361533,95.833176,5.7603683,10,0.5
2025-10-01T12:28:48+00:00,-77.537445,96.54479,85f18893fffffff,0.0,0.0,-9.3204,0.0,-1.093e+06,0,3,0.0,0.0,Neutral,0.004563606,4.07351,95.84524,6.479185,10,0.5
2025-10-01T12:28:48+00:00,-77.55536,96.54463,85f18893fffffff,0.0,0.0,-9.3381,0.0,-1.095e+06,0,3,0.0,0.0,Neutral,0.0025537189,4.3890557,161.56705,5.9382677,10,0.5
2025-10-01T12:28:48+00:00,-77.57327,96.54447,85f18893fffffff,0.0,0.0,-9.3557,0.0,-1.096e+06,0,3,0.0,0.0,Neutral,0.00024479174,4.5630074,107.79399,7.103218,10,0.5
2025-10-01T12:28:48+00:00,-77.59119,96.54431,85f18893fffffff,0.0,0.0,-9.3733,0.0,-1.097e+06,0,3,0.0,0.0,Neutral,0.0045617614,5.7910457,150.1549,7.5974374,10,0.5
2025-10-01T12:28:48+00:00,-77.6091,96.54416,85f18c2ffffffff,0.0,0.0,-9.3904,0.0,-1.1e+06,0,3,0.0,0.0,Neutral,0.00066009595,7.836046,166.68298,7.741505,10,0.5
2025-10-01T12:28:48+00:00,-77.62702,96.544,85f18c2ffffffff,0.0,0.0,-9.4066,0.0,-1.101e+06,0,3,0.0,0.0,Neutral,0.0013895923,2.3881235,152.78282,8.649141,10,0.5
2025-10-01T12:28:48+00:00,-77.644936,96.54384,85f18c2ffffffff,0.0,0.0,-9.4213,0.0,-1.102e+06,0,3,0.0,0.0,Neutral,0.004599607,3.6030579,131.60269,6.440721,10,0.5
2025-10-01T12:28:48+00:00,-77.66285,96.54368,85f18c2ffffffff,0.0,0.0,-9.4342,0.0,-1.104e+06,0,3,0.0,0.0,Neutral,0.00055335945,7.1230116,125.10653,9.836154,10,0.5
2025-10-01T12:28:48+00:00,-77.68076,96.54352,85f18c2ffffffff,0.0,0.0,-9.4453,0.0,-1.105e+06,0,3,0.0,0.0,Neutral,0.001357522,2.3651931,93.85772,8.583501,10,0.5
2025-10-01T12:28:48+00:00,-77.69868,96.54335,85f18c2ffffffff,0.0,0.0,-9.455,0.0,-1.106e+06,0,3,0.0,0.0,Neutral,0.0027988562,5.106198,161.24614,7.8534408,10,0.5
2025-10-01T12:28:48+00:00,-77.71659,96.54319,85f18c2ffffffff,0.0,0.0,-9.4637,0.0,-1.107e+06,0,3,0.0,0.0,Neutral,0.00093417556,4.819306,90.14062,7.419522,10,0.5
2025-10-01T12:28:48+00:00,-77.734505,96.54303,85f18c2ffffffff,0.0,0.0,-9.4719,0.0,-1.109e+06,0,3,0.0,0.0,Neutral,0.0039100805,5.8105927,179.74364,5.3868375,10,0.5
2025-10-01T12:28:48+00:00,-77.75242,96.54287,85f18c23fffffff,0.0,0.0,-9.48,0.0,-1.11e+06,0,3,0.0,0.0,Neutral,0.00451165,6.5641913,130.87318,9.581301,10,0.5
2025-10-01T12:28:48+00:00,-77.77033,96.5427,85f18c27fffffff,0.0,0.0,-9.4877,0.0,-1.111e+06,0,3,0.0,0.0,Neutral,0.0044900165,3.9161913,141.24554,9.934055,10,0.5
2025-10-01T12:28:48+00:00,-77.788246,96.54254,85f18c27fffffff,0.0,0.0,-9.4949,0.0,-1.112e+06,0,3,0.0,0.0,Neutral,0.0024098165,6.422858,102.265884,6.8265657,10,0.5
2025-10-01T12:28:48+00:00,-77.80616,96.54237,85f18c27fffffff,0.0,0.0,-9.5011,0.0,-1.114e+06,0,3,0.0,0.0,Neutral,0.0040627606,7.418159,127.67619,6.253289,10,0.5
2025-10-01T12:28:48+00:00,-77.82407,96.54221,85f18c27fffffff,0.0,0.0,-9.5059,0.0,-1.115e+06,0,3,0.0,0.0,Neutral,0.0010815826,7.1193376,102.89358,7.1123233,10,0.5
2025-10-01T12:28:48+00:00,-77.84199,96.542046,85f18c27fffffff,0.0,0.0,-9.509,0.0,-1.118e+06,0,3,0.0,0.0,Neutral,0.00026327133,6.909175,127.43841,9.08791,10,0.5
2025-10-01T12:28:48+00:00,-77.8599,96.54188,85f18c27fffffff,0.0,0.0,-9.5107,0.0,-1.119e+06,0,3,0.0,0.0,Neutral,0.0048011513,6.2798605,179.52986,8.999249,10,0.5
2025-10-01T12:28:48+00:00,-77.877815,96.54172,85f18c27fffffff,0.0,0.0,-9.5113,0.0,-1.12e+06,0,3,0.0,0.0,Neutral,0.0009545795,3.3788157,118.21316,6.857722,10,0.5
2025-10-01T12:28:48+00:00,-77.89573,96.54155,85f18c37fffffff,0.0,0.0,-9.5113,0.0,-1.121e+06,0,3,0.0,0.0,Neutral,0.002664286,5.9850583,168.09727,9.619795,10,0.5
2025-10-01T12:28:48+00:00,-77.91364,96.54138,85f18c37fffffff,0.0,0.0,-9.5111,0.0,-1.123e+06,0,3,0.0,0.0,Neutral,0.0006132259,5.841193,109.76138,6.756524,10,0.5
2025-10-01T12:28:48+00:00,-77.93156,96.541214,85f18dcbfffffff,0.0,0.0,-9.5111,0.0,-1.124e+06,0,3,0.0,0.0,Neutral,0.00077947206,5.60151,91.96221,5.401514,10,0.5
2025-10-01T12:28:48+00:00,-77.94947,96.541046,85f18dcbfffffff,0.0,0.0,-9.5111,0.0,-1.125e+06,0,3,0.0,0.0,Neutral,0.00019416277,6.595494,179.59969,8.08239,10,0.5
2025-10-01T12:28:48+00:00,-77.967384,96.54088,85f18dcbfffffff,0.0,0.0,-9.511,0.0,-1.126e+06,0,3,0.0,0.0,Neutral,0.002260571,7.0698137,109.40719,5.191055,10,0.5
2025-10-01T12:28:48+00:00,-77.9853,96.54071,85f18dcbfffffff,0.0,0.0,-9.5102,0.0,-1.128e+06,0,3,0.0,0.0,Neutral,0.00474646,2.0672405,159.67499,9.896152,10,0.5
2025-10-01T12:28:48+00:00,-78.00321,96.54054,85f18dcbfffffff,0.0,0.0,-9.5086,0.0,-1.129e+06,0,3,0.0,0.0,Neutral,0.003955544,6.066833,167.56569,9.597547,10,0.5
2025-10-01T12:28:48+00:00,-78.021126,96.54037,85f18dcbfffffff,0.0,0.0,-9.5059,0.0,-1.13e+06,0,3,0.0,0.0,Neutral,0.00047307738,2.6645534,162.78706,7.8444734,10,0.5
2025-10-01T12:28:48+00:00,-78.03904,96.5402,85f18ddbfffffff,0.0,0.0,-9.5025,0.0,-1.132e+06,0,3,0.0,0.0,Neutral,0.0033706916,7.782456,129.29807,9.149537,10,0.5
2025-10-01T12:28:48+00:00,-78.05695,96.54003,85f18ddbfffffff,0.0,0.0,-9.4984,0.0,-1.133e+06,0,3,0.0,0.0,Neutral,0.003028554,2.9166763,97.57149,8.796654,10,0.5
2025-10-01T12:28:48+00:00,-78.07487,96.539856,85f18ddbfffffff,0.0,0.0,-9.4941,0.0,-1.134e+06,0,3,0.0,0.0,Neutral,0.0029321006,2.4603436,116.33824,8.435751,10,0.5
2025-10-01T12:28:48+00:00,-78.09278,96.53968,85f18dc3fffffff,0.0,0.0,-9.4897,0.0,-1.137e+06,0,3,0.0,0.0,Neutral,0.0016553648,6.9191008,127.39329,5.3905907,10,0.5
2025-10-01T12:28:48+00:00,-78.110695,96.53951,85f18dc3fffffff,0.0,0.0,-9.4852,0.0,-1.138e+06,0,3,0.0,0.0,Neutral,0.0039954237,5.9641113,106.04381,9.573009,10,0.5
2025-10-01T12:28:48+00:00,-78.12861,96.53934,85f18dc3fffffff,0.0,0.0,-9.4805,0.0,-1.14e+06,0,3,0.0,0.0,Neutral,0.0032987094,7.558248,154.40523,9.551479,10,0.5
2025-10-01T12:28:48+00:00,-78.14652,96.53916,85f18dc3fffffff,0.0,0.0,-9.4753,0.0,-1.141e+06,0,3,0.0,0.0,Neutral,0.0006889983,5.7227826,115.26979,7.76834,10,0.5
2025-10-01T12:28:48+00:00,-78.16444,96.538994,85f18dc3fffffff,0.0,0.0,-9.4694,0.0,-1.142e+06,0,3,0.0,0.0,Neutral,0.0046145106,5.5340157,138.68378,9.438639,10,0.5
2025-10-01T12:28:48+00:00,-78.18235,96.53882,85f18dd3fffffff,0.0,0.0,-9.4627,0.0,-1.144e+06,0,3,0.0,0.0,Neutral,0.0028855808,4.7872033,117.1657,7.1144385,10,0.5
2025-10-01T12:28:48+00:00,-78.200264,96.53864,85f18dd3fffffff,0.0,0.0,-9.4555,0.0,-1.145e+06,0,3,0.0,0.0,Neutral,0.0026848393,4.836457,127.44524,9.571273,10,0.5
2025-10-01T12:28:48+00:00,-78.21818,96.53847,85f18dd3fffffff,0.0,0.0,-9.4479,0.0,-1.146e+06,0,3,0.0,0.0,Neutral,0.0012447987,6.5963964,142.31372,7.965687,10,0.5
2025-10-01T12:28:48+00:00,-78.23609,96.53829,85f18dd3fffffff,0.0,0.0,-9.4404,0.0,-1.148e+06,0,3,0.0,0.0,Neutral,0.0021642526,7.012241,171.22166,8.784597,10,0.5
2025-10-01T12:28:48+00:00,-78.254005,96.53812,85f18dd7fffffff,0.0,0.0,-9.4332,0.0,-1.149e+06,0,3,0.0,0.0,Neutral,0.0014890673,6.730137,121.41758,9.439926,10,0.5
2025-10-01T12:28:48+00:00,-78.27192,96.53793,85f18dd7fffffff,0.0,0.0,-9.4264,0.0,-1.15e+06,0,3,0.0,0.0,Neutral,0.0019028423,7.2790747,117.38247,7.543279,10,0.5
2025-10-01T12:28:48+00:00,-77.053764,96.6287,85f188c3fffffff,0.0,0.0,-8.5982,0.0,-1.058e+06,0,3,0.0,0.0,Neutral,4.59644e-05,5.6001687,130.2924,9.301257,10,0.5
2025-10-01T12:28:48+00:00,-77.071686,96.62866,85f188c3fffffff,0.0,0.0,-8.638,0.0,-1.06e+06,0,3,0.0,0.0,Neutral,0.003991562,5.1715703,179.34471,7.495112,10,0.5
2025-10-01T12:28:48+00:00,-77.0896,96.62863,85f188c3fffffff,0.0,0.0,-8.6776,0.0,-1.061e+06,0,3,0.0,0.0,Neutral,0.0014646169,6.9508595,141.14813,5.629954,10,0.5
2025-10-01T12:28:48+00:00,-77.10751,96.62859,85f188c3fffffff,0.0,0.0,-8.7166,0.0,-1.062e+06,0,3,0.0,0.0,Neutral,0.002679808,6.1874332,119.31631,6.239296,10,0.5
2025-10-01T12:28:48+00:00,-77.12543,96.62856,85f188d3fffffff,0.0,0.0,-8.7547,0.0,-1.065e+06,0,3,0.0,0.0,Neutral,0.0035202818,2.1933444,160.88467,5.7326584,10,0.5
2025-10-01T12:28:48+00:00,-77.14334,96.628525,85f188d3fffffff,0.0,0.0,-8.7916,0.0,-1.066e+06,0,3,0.0,0.0,Neutral,0.0021263864,4.901514,116.11936,6.72379,10,0.5
2025-10-01T12:28:48+00:00,-77.161255,96.628494,85f188d7fffffff,0.0,0.0,-8.8275,0.0,-1.067e+06,0,3,0.0,0.0,Neutral,0.001068923,4.0788727,119.47432,5.9846683,10,0.5
2025-10-01T12:28:48+00:00,-77.17917,96.628456,85f188d7fffffff,0.0,0.0,-8.8626,0.0,-1.068e+06,0,3,0.0,0.0,Neutral,0.0028076498,7.414178,90.96017,7.851495,10,0.5
2025-10-01T12:28:48+00:00,-77.19709,96.628426,85f188d7fffffff,0.0,0.0,-8.8972,0.0,-1.07e+06,0,3,0.0,0.0,Neutral,0.00020201378,7.927248,111.83734,5.1275673,10,0.5
2025-10-01T12:28:48+00:00,-77.215004,96.62839,85f188d7fffffff,0.0,0.0,-8.9316,0.0,-1.071e+06,0,3,0.0,0.0,Neutral,9.160208e-05,6.8824406,146.38309,6.1628003,10,0.5
2025-10-01T12:28:48+00:00,-77.23292,96.62836,85f188d7fffffff,0.0,0.0,-8.9659,0.0,-1.072e+06,0,3,0.0,0.0,Neutral,0.0040357965,4.6771035,123.78775,9.144674,10,0.5
2025-10-01T12:28:48+00:00,-77.25083,96.62832,85f188d7fffffff,0.0,0.0,-8.9997,0.0,-1.073e+06,0,3,0.0,0.0,Neutral,0.0025245484,6.188967,133.30263,9.8478775,10,0.5
2025-10-01T12:28:48+00:00,-77.268745,96.62829,85f188d7fffffff,0.0,0.0,-9.0328,0.0,-1.074e+06,0,3,0.0,0.0,Neutral,0.0033337516,2.9429703,149.48892,7.0417604,10,0.5
2025-10-01T12:28:48+00:00,-77.28666,96.62825,85f18c6ffffffff,0.0,0.0,-9.0648,0.0,-1.076e+06,0,3,0.0,0.0,Neutral,0.0011136223,5.6729364,159.7747,6.770227,10,0.5
2025-10-01T12:28:48+00:00,-77.30458,96.62821,85f18c6ffffffff,0.0,0.0,-9.0952,0.0,-1.077e+06,0,3,0.0,0.0,Neutral,0.0035700765,6.129929,121.55937,7.477544,10,0.5
2025-10-01T12:28:48+00:00,-77.322495,96.62818,85f1889bfffffff,0.0,0.0,-9.1241,0.0,-1.078e+06,0,3,0.0,0.0,Neutral,0.0035509877,3.0393748,174.45148,5.369298,10,0.5
2025-10-01T12:28:48+00:00,-77.34041,96.62814,85f1889bfffffff,0.0,0.0,-9.1517,0.0,-1.08e+06,0,3,0.0,0.0,Neutral,0.0046545235,2.1847374,108.78583,8.881305,10,0.5
2025-10-01T12:28:48+00:00,-77.35832,96.62811,85f1889bfffffff,0.0,0.0,-9.1783,0.0,-1.081e+06,0,3,0.0,0.0,Neutral,0.0047058193,6.6103387,174.02719,7.9343987,10,0.5
2025-10-01T12:28:48+00:00,-77.376236,96.628075,85f1889bfffffff,0.0,0.0,-9.2044,0.0,-1.083e+06,0,3,0.0,0.0,Neutral,0.0024892404,4.8581347,106.90425,7.7563944,10,0.5
2025-10-01T12:28:48+00:00,-77.39415,96.62804,85f1889bfffffff,0.0,0.0,-9.2304,0.0,-1.085e+06,0,3,0.0,0.0,Neutral,0.0022670599,5.9914646,134.18411,9.990537,10,0.5
2025-10-01T12:28:48+00:00,-77.41206,96.628006,85f1889bfffffff,0.0,0.0,-9.2564,0.0,-1.086e+06,0,3,0.0,0.0,Neutral,0.004085561,6.039486,161.62582,9.575059,10,0.5
2025-10-01T12:28:48+00:00,-77.42998,96.62797,85f18c67fffffff,0.0,0.0,-9.282,0.0,-1.087e+06,0,3,0.0,0.0,Neutral,0.0006314272,4.297546,177.92662,7.8932915,10,0.5
2025-10-01T12:28:48+00:00,-77.44789,96.62793,85f18c67fffffff,0.0,0.0,-9.307,0.0,-1.088e+06,0,3,0.0,0.0,Neutral,0.0049149566,2.7137163,133.96118,9.870639,10,0.5
2025-10-01T12:28:48+00:00,-77.46581,96.6279,85f18c67fffffff,0.0,0.0,-9.3309,0.0,-1.09e+06,0,3,0.0,0.0,Neutral,0.0039307117,4.309255,111.259315,8.740149,10,0.5
2025-10-01T12:28:48+00:00,-77.48373,96.62786,85f18893fffffff,0.0,0.0,-9.3533,0.0,-1.091e+06,0,3,0.0,0.0,Neutral,0.0048840703,4.017463,146.50455,6.702789,10,0.5
2025-10-01T12:28:48+00:00,-77.50164,96.62782,85f18893fffffff,0.0,0.0,-9.3742,0.0,-1.092e+06,0,3,0.0,0.0,Neutral,0.0013559303,2.8382318,126.57538,6.9212384,10,0.5
2025-10-01T12:28:48+00:00,-77.519554,96.627785,85f18893fffffff,0.0,0.0,-9.3938,0.0,-1.094e+06,0,3,0.0,0.0,Neutral,0.00208082,5.0544415,158.28082,9.758367,10,0.5
2025-10-01T12:28:48+00:00,-77.53747,96.627754,85f18893fffffff,0.0,0.0,-9.4124,0.0,-1.095e+06,0,3,0.0,0.0,Neutral,0.0044990955,6.8679485,126.451675,5.6377034,10,0.5
2025-10-01T12:28:48+00:00,-77.55538,96.627716,85f18893fffffff,0.0,0.0,-9.4306,0.0,-1.096e+06,0,3,0.0,0.0,Neutral,0.0044783396,6.245122,108.77506,8.263636,10,0.5
2025-10-01T12:28:48+00:00,-77.573296,96.62768,85f18c2bfffffff,0.0,0.0,-9.4486,0.0,-1.097e+06,0,3,0.0,0.0,Neutral,0.004471197,4.3230405,178.4292,7.0638824,10,0.5
2025-10-01T12:28:48+00:00,-77.59121,96.62764,85f18c2bfffffff,0.0,0.0,-9.4664,0.0,-1.099e+06,0,3,0.0,0.0,Neutral,0.0031009626,3.533864,123.05788,7.5749383,10,0.5
2025-10-01T12:28:48+00:00,-77.60912,96.6276,85f18c2bfffffff,0.0,0.0,-9.4837,0.0,-1.101e+06,0,3,0.0,0.0,Neutral,0.004801856,3.7516189,120.05209,8.189488,10,0.5
2025-10-01T12:28:48+00:00,-77.62704,96.62757,85f18c2bfffffff,0.0,0.0,-9.5,0.0,-1.102e+06,0,3,0.0,0.0,Neutral,0.0011621882,3.1210718,95.783775,9.9945345,10,0.5
2025-10-01T12:28:48+00:00,-77.64495,96.62753,85f18c2ffffffff,0.0,0.0,-9.5149,0.0,-1.104e+06,0,3,0.0,0.0,Neutral,0.0006442174,2.1193557,136.35106,7.268396,10,0.5
2025-10-01T12:28:48+00:00,-77.662865,96.627495,85f18c2ffffffff,0.0,0.0,-9.5282,0.0,-1.105e+06,0,3,0.0,0.0,Neutral,0.0022588917,6.4256883,152.65521,9.642517,10,0.5
2025-10-01T12:28:48+00:00,-77.68078,96.62746,85f18c2ffffffff,0.0,0.0,-9.5399,0.0,-1.106e+06,0,3,0.0,0.0,Neutral,0.0036379264,5.3836617,120.4932,7.6743817,10,0.5
2025-10-01T12:28:48+00:00,-77.6987,96.62742,85f18c2ffffffff,0.0,0.0,-9.5502,0.0,-1.108e+06,0,3,0.0,0.0,Neutral,0.0034307027,3.0441577,134.9132,5.3024397,10,0.5
2025-10-01T12:28:48+00:00,-77.71661,96.62738,85f18c23fffffff,0.0,0.0,-9.5597,0.0,-1.109e+06,0,3,0.0,0.0,Neutral,0.0013943947,4.9283032,90.88657,7.332442,10,0.5
2025-10-01T12:28:48+00:00,-77.73453,96.62734,85f18c23fffffff,0.0,0.0,-9.5688,0.0,-1.11e+06,0,3,0.0,0.0,Neutral,0.0048287627,6.8528423,167.04979,9.137429,10,0.5
2025-10-01T12:28:48+00:00,-77.75244,96.62731,85f18c23fffffff,0.0,0.0,-9.5775,0.0,-1.111e+06,0,3,0.0,0.0,Neutral,0.0048725265,6.130259,154.67961,8.552375,10,0.5
2025-10-01T12:28:48+00:00,-77.770355,96.62727,85f18c23fffffff,0.0,0.0,-9.5859,0.0,-1.113e+06,0,3,0.0,0.0,Neutral,0.002622868,5.8684545,138.53918,6.597762,10,0.5
2025-10-01T12:28:48+00:00,-77.78827,96.627235,85f18c23fffffff,0.0,0.0,-9.5936,0.0,-1.114e+06,0,3,0.0,0.0,Neutral,0.0049050855,6.181453,153.89832,7.86528,10,0.5
2025-10-01T12:28:48+00:00,-77.80618,96.6272,85f18c27fffffff,0.0,0.0,-9.6002,0.0,-1.115e+06,0,3,0.0,0.0,Neutral,0.0021974198,4.443993,116.21013,7.4389715,10,0.5
2025-10-01T12:28:48+00:00,-77.8241,96.62716,85f18c27fffffff,0.0,0.0,-9.6053,0.0,-1.116e+06,0,3,0.0,0.0,Neutral,0.00034881808,6.060794,176.89618,7.0074253,10,0.5
2025-10-01T12:28:48+00:00,-77.84201,96.62712,85f18c27fffffff,0.0,0.0,-9.6088,0.0,-1.119e+06,0,3,0.0,0.0,Neutral,0.0021708293,3.0866022,98.841965,5.720275,10,0.5
2025-10-01T12:28:48+00:00,-77.859924,96.62708,85f18c37fffffff,0.0,0.0,-9.6108,0.0,-1.12e+06,0,3,0.0,0.0,Neutral,0.0032546862,3.9586134,167.94423,5.788092,10,0.5
2025-10-01T12:28:48+00:00,-77.87784,96.627045,85f18c37fffffff,0.0,0.0,-9.6117,0.0,-1.122e+06,0,3,0.0,0.0,Neutral,0.002402882,3.28108,132.97244,7.2787304,10,0.5
2025-10-01T12:28:48+00:00,-77.89575,96.62701,85f18c37fffffff,0.0,0.0,-9.6122,0.0,-1.123e+06,0,3,0.0,0.0,Neutral,0.0044928915,4.8450146,150.52014,8.33415,10,0.5
2025-10-01T12:28:48+00:00,-77.913666,96.62696,85f18c37fffffff,0.0,0.0,-9.6126,0.0,-1.124e+06,0,3,0.0,0.0,Neutral,0.0039635575,2.8443947,178.20517,7.6359925,10,0.5
2025-10-01T12:28:48+00:00,-77.93158,96.62692,85f18c37fffffff,0.0,0.0,-9.613,0.0,-1.126e+06,0,3,0.0,0.0,Neutral,0.0013679002,4.4754825,93.31179,7.649999,10,0.5
2025-10-01T12:28:48+00:00,-77.94949,96.626884,85f18c37fffffff,0.0,0.0,-9.6136,0.0,-1.127e+06,0,3,0.0,0.0,Neutral,0.0017814637,5.300153,123.4608,5.780776,10,0.5
2025-10-01T12:28:48+00:00,-77.96741,96.62685,85f18dcbfffffff,0.0,0.0,-9.6138,0.0,-1.128e+06,0,3,0.0,0.0,Neutral,0.0020497602,5.142474,163.43248,6.3470535,10,0.5
2025-10-01T12:28:48+00:00,-77.98532,96.62681,85f18dcbfffffff,0.0,0.0,-9.6134,0.0,-1.13e+06,0,3,0.0,0.0,Neutral,0.0044712448,2.7518814,138.52432,8.314003,10,0.5
2025-10-01T12:28:48+00:00,-78.003235,96.62677,85f18dcbfffffff,0.0,0.0,-9.612,0.0,-1.131e+06,0,3,0.0,0.0,Neutral,0.0026948042,6.3689995,116.904305,8.982273,10,0.5
2025-10-01T12:28:48+00:00,-78.02115,96.62673,85f18ddbfffffff,0.0,0.0,-9.6096,0.0,-1.132e+06,0,3,0.0,0.0,Neutral,0.0034697948,3.5959666,97.31384,7.726572,10,0.5
2025-10-01T12:28:48+00:00,-78.03906,96.62669,85f18ddbfffffff,0.0,0.0,-9.6062,0.0,-1.133e+06,0,3,0.0,0.0,Neutral,0.0036193414,3.8345048,97.949135,6.3679056,10,0.5
2025-10-01T12:28:48+00:00,-78.05698,96.626656,85f18ddbfffffff,0.0,0.0,-9.6023,0.0,-1.135e+06,0,3,0.0,0.0,Neutral,0.00055232574,6.76338,134.18634,9.1448,10,0.5
2025-10-01T12:28:48+00:00,-78.07489,96.62661,85f18ddbfffffff,0.0,0.0,-9.5981,0.0,-1.136e+06,0,3,0.0,0.0,Neutral,0.0015747175,6.491326,130.51535,5.9327245,10,0.5
2025-10-01T12:28:48+00:00,-78.092804,96.62657,85f18ddbfffffff,0.0,0.0,-9.5939,0.0,-1.139e+06,0,3,0.0,0.0,Neutral,0.0039641913,3.1620572,139.54852,8.830399,10,0.5
2025-10-01T12:28:48+00:00,-78.11072,96.62653,85f18ddbfffffff,0.0,0.0,-9.5897,0.0,-1.14e+06,0,3,0.0,0.0,Neutral,0.0040950305,5.315543,127.35725,5.8360314,10,0.5
2025-10-01T12:28:48+00:00,-78.12863,96.626495,85f18dc3fffffff,0.0,0.0,-9.5854,0.0,-1.141e+06,0,3,0.0,0.0,Neutral,0.0007335566,7.144397,115.49826,6.904125,10,0.5
2025-10-01T12:28:48+00:00,-78.146545,96.62645,85f18dc3fffffff,0.0,0.0,-9.5806,0.0,-1.143e+06,0,3,0.0,0.0,Neutral,0.003557883,5.656252,105.263145,5.732059,10,0.5
2025-10-01T12:28:48+00:00,-78.16446,96.62641,85f18dd3fffffff,0.0,0.0,-9.5753,0.0,-1.144e+06,0,3,0.0,0.0,Neutral,0.0011784037,2.0442767,111.76001,8.263882,10,0.5
2025-10-01T12:28:48+00:00,-78.18237,96.62637,85f18dd3fffffff,0.0,0.0,-9.5691,0.0,-1.145e+06,0,3,0.0,0.0,Neutral,0.0018935507,4.3663244,112.87206,8.287807,10,0.5
2025-10-01T12:28:48+00:00,-78.20029,96.626335,85f18dd3fffffff,0.0,0.0,-9.5624,0.0,-1.146e+06,0,3,0.0,0.0,Neutral,0.0004683119,7.655534,178.63142,7.055813,10,0.5
2025-10-01T12:28:48+00:00,-78.2182,96.62629,85f18dd3fffffff,0.0,0.0,-9.5552,0.0,-1.148e+06,0,3,0.0,0.0,Neutral,0.001233444,3.9728916,119.06918,8.637919,10,0.5
2025-10-01T12:28:48+00:00,-78.236115,96.62625,85f18dd3fffffff,0.0,0.0,-9.5481,0.0,-1.149e+06,0,3,0.0,0.0,Neutral,0.0045983656,4.947871,103.85254,6.211485,10,0.5
2025-10-01T12:28:48+00:00,-78.25403,96.62621,85f18dd3fffffff,0.0,0.0,-9.5412,0.0,-1.15e+06,0,3,0.0,0.0,Neutral,0.0031501397,4.4925957,98.89315,7.4327817,10,0.5
2025-10-01T12:28:48+00:00,-78.27194,96.62617,85f18dd3fffffff,0.0,0.0,-9.5347,0.0,-1.152e+06,0,3,0.0,0.0,Neutral,0.0030348815,5.6097364,120.62975,6.0550756,10,0.5
2025-10-01T12:28:48+00:00,-77.053764,96.70851,85f188c3fffffff,0.0,0.0,-8.6812,0.0,-1.06e+06,0,3,0.0,0.0,Neutral,0.0014718126,2.342078,125.08098,8.420174,10,0.5
2025-10-01T12:28:48+00:00,-77.07168,96.70859,85f188c3fffffff,0.0,0.0,-8.7214,0.0,-1.061e+06,0,3,0.0,0.0,Neutral,0.0046718097,4.065741,136.59871,8.392074,10,0.5
2025-10-01T12:28:48+00:00,-77.08959,96.708664,85f188c3fffffff,0.0,0.0,-8.7613,0.0,-1.062e+06,0,3,0.0,0.0,Neutral,0.0022419197,3.2648995,139.04109,8.983212,10,0.5
2025-10-01T12:28:48+00:00,-77.107506,96.70875,85f188d3fffffff,0.0,0.0,-8.8007,0.0,-1.064e+06,0,3,0.0,0.0,Neutral,0.0044188504,2.1597903,90.6287,6.6627464,10,0.5
2025-10-01T12:28:48+00:00,-77.12542,96.708824,85f188d3fffffff,0.0,0.0,-8.8391,0.0,-1.066e+06,0,3,0.0,0.0,Neutral,0.0015968076,2.332457,129.18135,8.921698,10,0.5
2025-10-01T12:28:48+00:00,-77.14333,96.70891,85f188d3fffffff,0.0,0.0,-8.8764,0.0,-1.067e+06,0,3,0.0,0.0,Neutral,0.00212376,2.5247817,179.74988,8.849197,10,0.5
2025-10-01T12:28:48+00:00,-77.161255,96.708984,85f188d3fffffff,0.0,0.0,-8.9126,0.0,-1.069e+06,0,3,0.0,0.0,Neutral,0.0001490748,3.9143276,142.22449,5.942142,10,0.5
2025-10-01T12:28:48+00:00,-77.17917,96.70906,85f188d7fffffff,0.0,0.0,-8.9479,0.0,-1.07e+06,0,3,0.0,0.0,Neutral,0.0015446976,5.219547,163.64479,6.171373,10,0.5
2025-10-01T12:28:48+00:00,-77.19708,96.709145,85f188d7fffffff,0.0,0.0,-8.9826,0.0,-1.071e+06,0,3,0.0,0.0,Neutral,0.0018304931,6.4474635,105.91347,6.0422873,10,0.5
2025-10-01T12:28:48+00:00,-77.215,96.70923,85f188d7fffffff,0.0,0.0,-9.0171,0.0,-1.072e+06,0,3,0.0,0.0,Neutral,0.004486961,4.9389253,170.5156,7.4603653,10,0.5
2025-10-01T12:28:48+00:00,-77.23291,96.709305,85f188d7fffffff,0.0,0.0,-9.0513,0.0,-1.074e+06,0,3,0.0,0.0,Neutral,0.0044313376,4.081952,132.16249,5.2898064,10,0.5
2025-10-01T12:28:48+00:00,-77.250824,96.70939,85f18c6ffffffff,0.0,0.0,-9.0852,0.0,-1.075e+06,0,3,0.0,0.0,Neutral,0.0016360367,5.284769,173.83742,7.9936557,10,0.5
2025-10-01T12:28:48+00:00,-77.268745,96.709465,85f18c6ffffffff,0.0,0.0,-9.1185,0.0,-1.076e+06,0,3,0.0,0.0,Neutral,0.004786241,6.342591,97.820816,9.718405,10,0.5
2025-10-01T12:28:48+00:00,-77.28666,96.70955,85f18c6ffffffff,0.0,0.0,-9.1508,0.0,-1.077e+06,0,3,0.0,0.0,Neutral,0.0016830012,2.576025,105.43631,9.887951,10,0.5
2025-10-01T12:28:48+00:00,-77.30457,96.70963,85f18c6ffffffff,0.0,0.0,-9.1818,0.0,-1.079e+06,0,3,0.0,0.0,Neutral,0.0042111636,4.7149677,133.40149,7.099244,10,0.5
2025-10-01T12:28:48+00:00,-77.32249,96.70972,85f18c6ffffffff,0.0,0.0,-9.2114,0.0,-1.08e+06,0,3,0.0,0.0,Neutral,0.004989113,6.7506204,136.4708,7.7461143,10,0.5
2025-10-01T12:28:48+00:00,-77.3404,96.70979,85f1889bfffffff,0.0,0.0,-9.2397,0.0,-1.081e+06,0,3,0.0,0.0,Neutral,0.0023571826,5.0319757,103.19847,8.926262,10,0.5
2025-10-01T12:28:48+00:00,-77.358315,96.70988,85f1889bfffffff,0.0,0.0,-9.267,0.0,-1.082e+06,0,3,0.0,0.0,Neutral,0.0048683896,6.2570996,120.85635,5.685496,10,0.5
2025-10-01T12:28:48+00:00,-77.37623,96.70996,85f1889bfffffff,0.0,0.0,-9.2937,0.0,-1.085e+06,0,3,0.0,0.0,Neutral,0.002559973,2.8190305,166.72144,8.398851,10,0.5
2025-10-01T12:28:48+00:00,-77.39414,96.710045,85f18c67fffffff,0.0,0.0,-9.3201,0.0,-1.086e+06,0,3,0.0,0.0,Neutral,0.00078969897,3.5048692,109.95221,7.4033175,10,0.5
2025-10-01T12:28:48+00:00,-77.41206,96.71013,85f18c67fffffff,0.0,0.0,-9.3463,0.0,-1.087e+06,0,3,0.0,0.0,Neutral,0.0006295795,7.4819803,112.67176,5.4392395,10,0.5
2025-10-01T12:28:48+00:00,-77.42998,96.71021,85f18c67fffffff,0.0,0.0,-9.3722,0.0,-1.089e+06,0,3,0.0,0.0,Neutral,0.0034424071,4.994442,156.118,9.574642,10,0.5
2025-10-01T12:28:48+00:00,-77.44789,96.71029,85f18c67fffffff,0.0,0.0,-9.3975,0.0,-1.09e+06,0,3,0.0,0.0,Neutral,0.00071885454,2.5486994,135.2566,6.011133,10,0.5
2025-10-01T12:28:48+00:00,-77.465805,96.71037,85f18c67fffffff,0.0,0.0,-9.4217,0.0,-1.091e+06,0,3,0.0,0.0,Neutral,0.003979355,2.2629945,137.11916,8.720347,10,0.5
2025-10-01T12:28:48+00:00,-77.48372,96.71046,85f18c67fffffff,0.0,0.0,-9.4446,0.0,-1.092e+06,0,3,0.0,0.0,Neutral,0.003951236,6.6697955,139.96677,9.3816395,10,0.5
2025-10-01T12:28:48+00:00,-77.50163,96.71054,85f18893fffffff,0.0,0.0,-9.4661,0.0,-1.094e+06,0,3,0.0,0.0,Neutral,0.0022040703,7.0250096,112.87986,5.7603035,10,0.5
2025-10-01T12:28:48+00:00,-77.51955,96.710625,85f18893fffffff,0.0,0.0,-9.4863,0.0,-1.095e+06,0,3,0.0,0.0,Neutral,0.0014006296,4.6633906,114.90358,6.7094226,10,0.5
2025-10-01T12:28:48+00:00,-77.53746,96.71072,85f18c2bfffffff,0.0,0.0,-9.5056,0.0,-1.096e+06,0,3,0.0,0.0,Neutral,0.003029951,2.2007735,120.47367,6.2604685,10,0.5
2025-10-01T12:28:48+00:00,-77.555374,96.7108,85f18c2bfffffff,0.0,0.0,-9.5242,0.0,-1.098e+06,0,3,0.0,0.0,Neutral,0.0029409102,4.6346955,170.66214,8.21618,10,0.5
2025-10-01T12:28:48+00:00,-77.57329,96.710884,85f18c2bfffffff,0.0,0.0,-9.5425,0.0,-1.099e+06,0,3,0.0,0.0,Neutral,0.0015256952,6.155123,138.44495,8.645556,10,0.5
2025-10-01T12:28:48+00:00,-77.5912,96.71097,85f18c2bfffffff,0.0,0.0,-9.5603,0.0,-1.1e+06,0,3,0.0,0.0,Neutral,0.00220859,7.01266,125.65872,7.6510444,10,0.5
2025-10-01T12:28:48+00:00,-77.60912,96.71105,85f18c2bfffffff,0.0,0.0,-9.5775,0.0,-1.103e+06,0,3,0.0,0.0,Neutral,0.0005790959,5.2991633,121.44158,7.4769845,10,0.5
2025-10-01T12:28:48+00:00,-77.62704,96.71114,85f18c2bfffffff,0.0,0.0,-9.5938,0.0,-1.104e+06,0,3,0.0,0.0,Neutral,0.00080826075,3.8661566,112.79698,6.9194508,10,0.5
2025-10-01T12:28:48+00:00,-77.64495,96.71123,85f18c2bfffffff,0.0,0.0,-9.6088,0.0,-1.105e+06,0,3,0.0,0.0,Neutral,9.854149e-05,3.3529177,171.08795,8.263501,10,0.5
2025-10-01T12:28:48+00:00,-77.662865,96.71131,85f18c2ffffffff,0.0,0.0,-9.6223,0.0,-1.106e+06,0,3,0.0,0.0,Neutral,0.0036904295,7.492098,121.937775,9.301025,10,0.5
2025-10-01T12:28:48+00:00,-77.68078,96.711395,85f18c2ffffffff,0.0,0.0,-9.6345,0.0,-1.108e+06,0,3,0.0,0.0,Neutral,0.000650702,7.308721,128.88693,8.570333,10,0.5
2025-10-01T12:28:48+00:00,-77.69869,96.71149,85f18c23fffffff,0.0,0.0,-9.6456,0.0,-1.109e+06,0,3,0.0,0.0,Neutral,0.0014552012,6.8261123,100.92824,8.705751,10,0.5
2025-10-01T12:28:48+00:00,-77.716606,96.71157,85f18c23fffffff,0.0,0.0,-9.6559,0.0,-1.11e+06,0,3,0.0,0.0,Neutral,0.0028381094,3.7870762,147.1735,9.075241,10,0.5
2025-10-01T12:28:48+00:00,-77.73452,96.71166,85f18c23fffffff,0.0,0.0,-9.6658,0.0,-1.112e+06,0,3,0.0,0.0,Neutral,0.0011752726,7.9101324,93.53149,5.969626,10,0.5
2025-10-01T12:28:48+00:00,-77.75243,96.71175,85f18c23fffffff,0.0,0.0,-9.6754,0.0,-1.113e+06,0,3,0.0,0.0,Neutral,0.0043426063,3.0790658,98.80664,6.741605,10,0.5
2025-10-01T12:28:48+00:00,-77.77035,96.71184,85f18c23fffffff,0.0,0.0,-9.6845,0.0,-1.114e+06,0,3,0.0,0.0,Neutral,0.0017544011,4.016445,100.96959,6.3431177,10,0.5
2025-10-01T12:28:48+00:00,-77.78826,96.71192,85f18c23fffffff,0.0,0.0,-9.6927,0.0,-1.115e+06,0,3,0.0,0.0,Neutral,0.004592098,2.9415004,174.24364,7.4153385,10,0.5
2025-10-01T12:28:48+00:00,-77.806175,96.71201,85f18c23fffffff,0.0,0.0,-9.6997,0.0,-1.117e+06,0,3,0.0,0.0,Neutral,0.0028914271,2.8134608,178.40715,6.1910877,10,0.5
2025-10-01T12:28:48+00:00,-77.82409,96.712105,85f18c27fffffff,0.0,0.0,-9.7052,0.0,-1.118e+06,0,3,0.0,0.0,Neutral,0.0010795216,4.4821,156.21431,5.9173365,10,0.5
2025-10-01T12:28:48+00:00,-77.842,96.71219,85f18c37fffffff,0.0,0.0,-9.709,0.0,-1.12e+06,0,3,0.0,0.0,Neutral,0.0025799805,3.8270903,147.3545,9.059194,10,0.5
2025-10-01T12:28:48+00:00,-77.85992,96.71228,85f18c37fffffff,0.0,0.0,-9.7115,0.0,-1.122e+06,0,3,0.0,0.0,Neutral,0.0013027397,7.6836257,172.36919,6.8655844,10,0.5
2025-10-01T12:28:48+00:00,-77.87783,96.712364,85f18c37fffffff,0.0,0.0,-9.7129,0.0,-1.123e+06,0,3,0.0,0.0,Neutral,0.0017627373,3.5439196,93.164185,9.341965,10,0.5
2025-10-01T12:28:48+00:00,-77.895744,96.712456,85f18c37fffffff,0.0,0.0,-9.7139,0.0,-1.124e+06,0,3,0.0,0.0,Neutral,0.00031205517,3.3398948,166.64699,9.388722,10,0.5
2025-10-01T12:28:48+00:00,-77.91366,96.71255,85f18c37fffffff,0.0,0.0,-9.7149,0.0,-1.126e+06,0,3,0.0,0.0,Neutral,0.0020038083,7.2013316,159.71368,9.252296,10,0.5
2025-10-01T12:28:48+00:00,-77.93157,96.71264,85f18c37fffffff,0.0,0.0,-9.7159,0.0,-1.127e+06,0,3,0.0,0.0,Neutral,0.0016669282,5.623294,169.19186,8.221784,10,0.5
2025-10-01T12:28:48+00:00,-77.949486,96.71273,85f18c37fffffff,0.0,0.0,-9.7169,0.0,-1.128e+06,0,3,0.0,0.0,Neutral,0.0016059093,4.7757306,151.75842,7.826055,10,0.5
2025-10-01T12:28:48+00:00,-77.9674,96.71282,85f18c37fffffff,0.0,0.0,-9.7175,0.0,-1.13e+06,0,3,0.0,0.0,Neutral,0.00021307122,3.051742,140.25696,9.105597,10,0.5
2025-10-01T12:28:48+00:00,-77.98531,96.71291,85f18ddbfffffff,0.0,0.0,-9.7174,0.0,-1.131e+06,0,3,0.0,0.0,Neutral,0.0008457585,5.950866,155.29549,5.98235,10,0.5
2025-10-01T12:28:48+00:00,-78.00323,96.713,85f18ddbfffffff,0.0,0.0,-9.7161,0.0,-1.132e+06,0,3,0.0,0.0,Neutral,0.004571373,5.4565077,169.77254,6.6428013,10,0.5
2025-10-01T12:28:48+00:00,-78.02114,96.71309,85f18ddbfffffff,0.0,0.0,-9.7138,0.0,-1.133e+06,0,3,0.0,0.0,Neutral,0.0045759063,6.482695,139.55809,7.4361067,10,0.5
2025-10-01T12:28:48+00:00,-78.039055,96.71318,85f18ddbfffffff,0.0,0.0,-9.7105,0.0,-1.135e+06,0,3,0.0,0.0,Neutral,0.0029504367,7.6321554,132.4264,9.910283,10,0.5
2025-10-01T12:28:48+00:00,-78.05697,96.71328,85f18ddbfffffff,0.0,0.0,-9.7066,0.0,-1.136e+06,0,3,0.0,0.0,Neutral,0.0012913288,6.482359,158.77682,7.0974174,10,0.5
2025-10-01T12:28:48+00:00,-78.07488,96.71337,85f18ddbfffffff,0.0,0.0,-9.7024,0.0,-1.137e+06,0,3,0.0,0.0,Neutral,0.0020139562,3.0442805,133.58015,5.5940704,10,0.5
2025-10-01T12:28:48+00:00,-78.0928,96.71346,85f18ddbfffffff,0.0,0.0,-9.6984,0.0,-1.14e+06,0,3,0.0,0.0,Neutral,0.0010693526,5.658927,92.6516,7.917505,10,0.5
2025-10-01T12:28:48+00:00,-78.11071,96.713554,85f18ddbfffffff,0.0,0.0,-9.6944,0.0,-1.141e+06,0,3,0.0,0.0,Neutral,0.0015459665,4.045196,123.567444,6.823829,10,0.5
2025-10-01T12:28:48+00:00,-78.128624,96.713646,85f18ddbfffffff,0.0,0.0,-9.6904,0.0,-1.143e+06,0,3,0.0,0.0,Neutral,0.0027993552,6.1392727,111.29459,8.311985,10,0.5
2025-10-01T12:28:48+00:00,-78.14654,96.71374,85f18dd3fffffff,0.0,0.0,-9.6861,0.0,-1.144e+06,0,3,0.0,0.0,Neutral,0.003135819,7.6199155,117.137054,6.304767,10,0.5
2025-10-01T12:28:48+00:00,-78.16445,96.71384,85f18dd3fffffff,0.0,0.0,-9.6812,0.0,-1.145e+06,0,3,0.0,0.0,Neutral,0.00033962828,4.572215,122.568054,5.97778,10,0.5
2025-10-01T12:28:48+00:00,-78.182365,96.71393,85f18dd3fffffff,0.0,0.0,-9.6756,0.0,-1.146e+06,0,3,0.0,0.0,Neutral,0.004011941,3.7977514,175.36905,9.186624,10,0.5
2025-10-01T12:28:48+00:00,-78.20028,96.71402,85f18dd3fffffff,0.0,0.0,-9.6693,0.0,-1.148e+06,0,3,0.0,0.0,Neutral,0.0015034153,3.8205009,161.19147,5.381411,10,0.5
2025-10-01T12:28:48+00:00,-78.21819,96.71412,85f18dd3fffffff,0.0,0.0,-9.6626,0.0,-1.149e+06,0,3,0.0,0.0,Neutral,0.002688174,6.6881046,92.977036,8.939065,10,0.5
2025-10-01T12:28:48+00:00,-78.23611,96.71421,85f18dd3fffffff,0.0,0.0,-9.6559,0.0,-1.15e+06,0,3,0.0,0.0,Neutral,0.00061466015,5.904703,100.65865,7.267376,10,0.5
2025-10-01T12:28:48+00:00,-78.25402,96.71431,85f18dd3fffffff,0.0,0.0,-9.6493,0.0,-1.152e+06,0,3,0.0,0.0,Neutral,0.00089884887,7.14288,94.21936,9.339813,10,0.5
2025-10-01T12:28:48+00:00,-78.271935,96.7144,85f18dd3fffffff,0.0,0.0,-9.6431,0.0,-1.153e+06,0,3,0.0,0.0,Neutral,0.0026670746,2.565014,93.77647,6.944509,10,0.5
2025-10-01T12:28:48+00:00,-77.053734,96.78832,85f188c3fffffff,0.0,0.0,-8.7651,0.0,-1.061e+06,0,3,0.0,0.0,Neutral,0.0010148745,7.5485215,107.11179,8.7458935,10,0.5
2025-10-01T12:28:48+00:00,-77.07165,96.78851,85f188d3fffffff,0.0,0.0,-8.8055,0.0,-1.062e+06,0,3,0.0,0.0,Neutral,0.0039803414,2.176815,93.34145,7.2894754,10,0.5
2025-10-01T12:28:48+00:00,-77.08956,96.788704,85f188d3fffffff,0.0,0.0,-8.8457,0.0,-1.064e+06,0,3,0.0,0.0,Neutral,0.004794497,2.0783675,107.26253,6.1792016,10,0.5
2025-10-01T12:28:48+00:00,-77.107475,96.788895,85f188d3fffffff,0.0,0.0,-8.8854,0.0,-1.065e+06,0,3,0.0,0.0,Neutral,0.004199315,3.6851912,107.46546,6.893742,10,0.5
2025-10-01T12:28:48+00:00,-77.12539,96.789085,85f188d3fffffff,0.0,0.0,-8.9242,0.0,-1.067e+06,0,3,0.0,0.0,Neutral,0.0015188302,2.3621147,177.36052,7.6979666,10,0.5
2025-10-01T12:28:48+00:00,-77.14331,96.78928,85f188d3fffffff,0.0,0.0,-8.9618,0.0,-1.069e+06,0,3,0.0,0.0,Neutral,0.0025125248,7.8356447,134.11028,9.368447,10,0.5
2025-10-01T12:28:48+00:00,-77.161224,96.789474,85f188d3fffffff,0.0,0.0,-8.9983,0.0,-1.07e+06,0,3,0.0,0.0,Neutral,0.0022797692,4.0123158,168.42252,6.986208,10,0.5
2025-10-01T12:28:48+00:00,-77.17914,96.78967,85f188d3fffffff,0.0,0.0,-9.0339,0.0,-1.071e+06,0,3,0.0,0.0,Neutral,0.0002026161,6.4432454,174.43947,9.590677,10,0.5
2025-10-01T12:28:48+00:00,-77.19705,96.78986,85f188d3fffffff,0.0,0.0,-9.0688,0.0,-1.072e+06,0,3,0.0,0.0,Neutral,0.00026855312,7.3359194,99.59733,7.3856187,10,0.5
2025-10-01T12:28:48+00:00,-77.214966,96.79006,85f18c6ffffffff,0.0,0.0,-9.1033,0.0,-1.074e+06,0,3,0.0,0.0,Neutral,1.1122531e-05,4.2717743,178.39055,6.04398,10,0.5
2025-10-01T12:28:48+00:00,-77.23288,96.79026,85f18c6ffffffff,0.0,0.0,-9.1376,0.0,-1.075e+06,0,3,0.0,0.0,Neutral,0.003984841,6.267296,151.90642,7.244042,10,0.5
2025-10-01T12:28:48+00:00,-77.25079,96.79045,85f18c6ffffffff,0.0,0.0,-9.1715,0.0,-1.076e+06,0,3,0.0,0.0,Neutral,0.00078002666,3.154097,158.8671,7.9747133,10,0.5
2025-10-01T12:28:48+00:00,-77.26871,96.79065,85f18c6ffffffff,0.0,0.0,-9.205,0.0,-1.077e+06,0,3,0.0,0.0,Neutral,0.0006154576,6.3634257,156.94183,6.639246,10,0.5
2025-10-01T12:28:48+00:00,-77.28663,96.79085,85f18c6ffffffff,0.0,0.0,-9.2378,0.0,-1.078e+06,0,3,0.0,0.0,Neutral,0.0018839661,6.5226994,109.902954,7.683484,10,0.5
2025-10-01T12:28:48+00:00,-77.30454,96.791046,85f18c6ffffffff,0.0,0.0,-9.2694,0.0,-1.08e+06,0,3,0.0,0.0,Neutral,0.002006847,7.2544055,121.0167,7.9352756,10,0.5
2025-10-01T12:28:48+00:00,-77.32246,96.791245,85f18c6ffffffff,0.0,0.0,-9.2997,0.0,-1.081e+06,0,3,0.0,0.0,Neutral,0.0040775067,7.469366,113.35607,9.079679,10,0.5
2025-10-01T12:28:48+00:00,-77.34037,96.79144,85f18c6ffffffff,0.0,0.0,-9.3288,0.0,-1.082e+06,0,3,0.0,0.0,Neutral,0.0037498984,6.2281065,101.877525,9.01787,10,0.5
2025-10-01T12:28:48+00:00,-77.358284,96.79164,85f18c6ffffffff,0.0,0.0,-9.3569,0.0,-1.084e+06,0,3,0.0,0.0,Neutral,0.0012279447,7.1617055,120.92361,5.83862,10,0.5
2025-10-01T12:28:48+00:00,-77.3762,96.79185,85f18c67fffffff,0.0,0.0,-9.3842,0.0,-1.086e+06,0,3,0.0,0.0,Neutral,2.9172432e-05,7.9678044,107.59631,9.428584,10,0.5
2025-10-01T12:28:48+00:00,-77.39411,96.792046,85f18c67fffffff,0.0,0.0,-9.411,0.0,-1.088e+06,0,3,0.0,0.0,Neutral,0.0041125165,7.280908,115.16611,8.396216,10,0.5
2025-10-01T12:28:48+00:00,-77.412025,96.792244,85f18c67fffffff,0.0,0.0,-9.4375,0.0,-1.089e+06,0,3,0.0,0.0,Neutral,0.004394209,4.5072246,136.97435,7.475108,10,0.5
2025-10-01T12:28:48+00:00,-77.42994,96.79245,85f18c67fffffff,0.0,0.0,-9.4636,0.0,-1.09e+06,0,3,0.0,0.0,Neutral,0.0035852832,2.806289,115.45655,8.026493,10,0.5
2025-10-01T12:28:48+00:00,-77.44786,96.79265,85f18c67fffffff,0.0,0.0,-9.489,0.0,-1.091e+06,0,3,0.0,0.0,Neutral,0.0004922517,7.7767744,151.61734,9.557375,10,0.5